date,brent_usd,wti_usd,natgas_usd,gold_usd,silver_usd,sp500,nasdaq,eurostoxx50,dax,ftse100,nikkei225,shanghai,vix,dxy,eurusd,jpyusd
2025-07-03,68.80000305175781,67.0,3.4089999198913574,3331.60009765625,36.784000396728516,6279.35009765625,20601.099609375,5343.14990234375,23934.130859375,8823.2001953125,39785.8984375,3461.15087890625,16.3799991607666,96.8219985961914,1.18002450466156,143.5260009765625
2025-07-04,68.29000091552734,66.5,3.38700008392334,3332.5,36.775001525878906,,,5288.81005859375,23787.44921875,8822.900390625,39810.87890625,3472.319091796875,,96.8219985961914,1.1771491765975952,144.6820068359375
2025-07-07,69.58000183105469,67.93000030517578,3.4119999408721924,3332.199951171875,36.6150016784668,6229.97998046875,20412.51953125,5341.5400390625,24073.669921875,8806.5,39587.6796875,3473.126953125,17.790000915527344,97.14099884033203,1.178078293800354,144.4980010986328
2025-07-08,70.1500015258789,68.33000183105469,3.3399999141693115,3307.0,36.47200012207031,6225.52001953125,20418.4609375,5371.9501953125,24206.91015625,8854.2001953125,39688.80859375,3497.47509765625,16.809999465942383,97.1719970703125,1.1736538410186768,145.89199829101562
2025-07-09,70.19000244140625,68.37999725341797,3.2139999866485596,3311.60009765625,36.35100173950195,6263.259765625,20611.33984375,5445.64990234375,24549.560546875,8867.0,39821.28125,3493.050048828125,15.9399995803833,97.1989974975586,1.1724566221237183,146.8489990234375
2025-07-10,68.63999938964844,66.56999969482422,3.3369998931884766,3317.39990234375,37.03799819946289,6280.4599609375,20630.66015625,5438.27001953125,24456.810546875,8975.7001953125,39646.359375,3509.681884765625,15.779999732971191,97.3219985961914,1.17311692237854,146.11399841308594
2025-07-11,70.36000061035156,68.44999694824219,3.313999891281128,3356.0,38.67599868774414,6259.75,20585.529296875,5383.47998046875,24255.310546875,8941.099609375,39569.6796875,3510.177001953125,16.399999618530273,97.52899932861328,1.1702749729156494,146.28799438476562
2025-07-14,69.20999908447266,66.9800033569336,3.4660000801086426,3351.5,38.46200180053711,6268.56005859375,20640.330078125,5370.85009765625,24160.640625,8998.099609375,39459.62109375,3519.64990234375,17.200000762939453,97.76300048828125,1.1682106256484985,147.2949981689453
2025-07-15,68.70999908447266,66.5199966430664,3.5230000019073486,3329.800048828125,37.83399963378906,6243.759765625,20677.80078125,5354.169921875,24060.2890625,8938.2998046875,39678.01953125,3504.9990234375,17.3799991607666,98.30999755859375,1.1666297912597656,147.79200744628906
2025-07-16,68.5199966430664,66.37999725341797,3.5510001182556152,3352.5,37.85300064086914,6263.7001953125,20730.490234375,5298.06982421875,24009.380859375,8926.599609375,39663.3984375,3503.777099609375,17.15999984741211,98.07499694824219,1.1607391834259033,148.76100158691406
2025-07-17,69.5199966430664,67.54000091552734,3.5420000553131104,3340.10009765625,38.055999755859375,6297.35986328125,20885.650390625,5377.14990234375,24370.9296875,8972.599609375,39901.19140625,3516.824951171875,16.520000457763672,98.44599914550781,1.1635754108428955,148.0030059814453
2025-07-18,69.27999877929688,67.33999633789062,3.565000057220459,3353.0,38.222999572753906,6296.7900390625,20895.650390625,5359.22998046875,24289.509765625,8992.099609375,39819.109375,3534.48291015625,16.40999984741211,98.197998046875,1.161548137664795,148.44200134277344
2025-07-21,69.20999908447266,67.19999694824219,3.325000047683716,3401.89990234375,39.10100173950195,6305.60009765625,20974.1796875,5342.97998046875,24307.80078125,9013.0,,3559.791015625,16.649999618530273,97.56999969482422,1.1630746126174927,148.43099975585938
2025-07-22,68.58999633789062,66.20999908447266,3.252000093460083,3439.199951171875,39.31999969482422,6309.6201171875,20892.689453125,5290.47998046875,24041.900390625,9023.7998046875,39774.921875,3581.861083984375,16.5,97.11699676513672,1.1694538593292236,147.40899658203125
2025-07-23,68.51000213623047,65.25,3.0769999027252197,3394.10009765625,39.27799987792969,6358.91015625,21020.01953125,5344.25,24240.8203125,9061.5,41171.3203125,3582.298095703125,15.369999885559082,96.94300079345703,1.1739156246185303,146.78500366210938
2025-07-24,69.18000030517578,66.02999877929688,3.0940001010894775,3371.0,39.020999908447266,6363.35009765625,21057.9609375,5355.2001953125,24295.9296875,9138.400390625,41826.33984375,3605.72705078125,15.390000343322754,97.1240005493164,1.1774264574050903,146.3489990234375
2025-07-25,68.44000244140625,65.16000366210938,3.109999895095825,3334.0,38.16699981689453,6388.64013671875,21108.3203125,5352.16015625,24217.5,9120.2998046875,41456.23046875,3593.655029296875,14.930000305175781,97.39900207519531,1.1756131649017334,147.0050048828125
2025-07-28,70.04000091552734,66.70999908447266,2.98799991607666,3309.10009765625,38.0260009765625,6389.77001953125,21178.580078125,5337.580078125,23970.359375,9081.400390625,40998.26953125,3597.93701171875,15.029999732971191,98.3949966430664,1.1756821870803833,147.81300354003906
2025-07-29,72.51000213623047,69.20999908447266,3.0810000896453857,3323.39990234375,38.08399963378906,6370.85986328125,21098.2890625,5379.2001953125,24217.369140625,9136.2998046875,40674.55078125,3609.7109375,15.979999542236328,98.64700317382812,1.1596757173538208,148.47900390625
2025-07-30,73.23999786376953,70.0,3.0450000762939453,3295.800048828125,37.566001892089844,6362.89990234375,21129.669921875,5393.18017578125,24262.220703125,9136.900390625,40654.69921875,3615.717041015625,15.479999542236328,99.58599853515625,1.1550945043563843,148.44200134277344
2025-07-31,72.52999877929688,69.26000213623047,3.1059999465942383,3293.199951171875,36.551998138427734,6339.39013671875,21122.44921875,5319.919921875,24065.470703125,9132.7998046875,41069.8203125,3573.2080078125,16.719999313354492,99.74299621582031,1.1429355144500732,149.2259979248047
2025-08-01,69.66999816894531,67.33000183105469,3.0829999446868896,3347.699951171875,36.7869987487793,6238.009765625,20650.130859375,,23425.970703125,9068.599609375,40799.6015625,3559.951904296875,20.3799991607666,98.93000030517578,1.142374038696289,150.77200317382812
2025-08-04,68.76000213623047,66.29000091552734,2.931999921798706,3374.39990234375,37.19200134277344,6329.93994140625,21053.580078125,5242.31982421875,23757.689453125,9128.2998046875,40290.69921875,3583.30908203125,17.520000457763672,98.58599853515625,1.158668041229248,147.34300231933594
2025-08-05,67.63999938964844,65.16000366210938,3.009999990463257,3381.89990234375,37.6870002746582,6299.18994140625,20916.55078125,5249.58984375,23846.0703125,9142.7001953125,40549.5390625,3617.597900390625,17.850000381469727,98.58100128173828,1.1584129333496094,146.79299926757812
2025-08-06,66.88999938964844,64.3499984741211,3.0769999027252197,3380.0,37.76599884033203,6345.06005859375,21169.419921875,5263.2900390625,23924.359375,9164.2998046875,40794.859375,3633.9951171875,16.770000457763672,97.98300170898438,1.1579166650772095,147.55999755859375
2025-08-07,66.43000030517578,63.880001068115234,3.066999912261963,3400.300048828125,38.15800094604492,6340.0,21242.69921875,5332.06982421875,24192.5,9100.7998046875,41059.1484375,3639.6669921875,16.56999969482422,98.22899627685547,1.1663167476654053,147.1929931640625
2025-08-08,66.58999633789062,63.880001068115234,2.990000009536743,3439.10009765625,38.41699981689453,6389.4501953125,21450.01953125,5347.740234375,24162.859375,9095.7001953125,41820.48046875,3635.1279296875,15.149999618530273,98.00900268554688,1.1676650047302246,146.83700561523438
2025-08-11,66.62999725341797,63.959999084472656,2.9539999961853027,3353.10009765625,37.6619987487793,6373.4501953125,21385.400390625,5331.85009765625,24081.33984375,9129.7001953125,,3647.547119140625,16.25,98.36100006103516,1.1647952795028687,147.66400146484375
2025-08-12,66.12000274658203,63.16999816894531,2.808000087738037,3348.89990234375,37.89899826049805,6445.759765625,21681.900390625,5335.97021484375,24024.779296875,9147.7998046875,42718.171875,3665.91796875,14.729999542236328,97.927001953125,1.1618449687957764,148.125
2025-08-13,65.62999725341797,62.650001525878906,2.828000068664551,3358.699951171875,38.499000549316406,6466.580078125,21713.140625,5388.25,24185.58984375,9165.2001953125,43274.671875,3683.465087890625,14.489999771118164,97.66200256347656,1.1677058935165405,147.75799560546875
2025-08-14,66.83999633789062,63.959999084472656,2.8410000801086426,3335.199951171875,37.981998443603516,6468.5400390625,21710.669921875,5434.7001953125,24377.5,9177.2001953125,42649.26171875,3666.443115234375,14.829999923706055,98.10299682617188,1.171289324760437,147.1199951171875
2025-08-15,65.8499984741211,62.79999923706055,2.9159998893737793,3336.0,37.89400100708008,6449.7998046875,21622.98046875,5448.60986328125,24359.30078125,9138.900390625,43378.30859375,3696.77099609375,15.09000015258789,97.71199798583984,1.1651345491409302,147.6909942626953
2025-08-18,66.5999984741211,63.41999816894531,2.890000104904175,3331.699951171875,37.95100021362305,6449.14990234375,21629.76953125,5434.64013671875,24314.76953125,9157.7001953125,43714.30859375,3728.027099609375,14.989999771118164,98.01699829101562,1.1706587076187134,147.26400756835938
2025-08-19,65.79000091552734,62.349998474121094,2.7660000324249268,3313.39990234375,37.26100158691406,6411.3701171875,21314.94921875,5483.27978515625,24423.0703125,9189.2001953125,43546.2890625,3727.2880859375,15.569999694824219,98.11900329589844,1.1668338775634766,147.91600036621094
2025-08-20,66.83999633789062,63.209999084472656,2.752000093460083,3343.39990234375,37.70500183105469,6395.77978515625,21172.859375,5472.31982421875,24276.970703125,9288.099609375,42888.55078125,3766.2099609375,15.6899995803833,98.08000183105469,1.164252758026123,147.7310028076172
2025-08-21,67.66999816894531,63.52000045776367,2.8259999752044678,3336.89990234375,38.027000427246094,6370.169921875,21100.310546875,5462.16015625,24293.33984375,9309.2001953125,42610.171875,3771.09912109375,16.600000381469727,98.51100158691406,1.165175199508667,147.3179931640625
2025-08-22,67.7300033569336,63.65999984741211,2.697999954223633,3374.39990234375,39.00299835205078,6466.91015625,21496.5390625,5488.22998046875,24363.08984375,9321.400390625,42633.2890625,3825.759033203125,14.220000267028809,97.5989990234375,1.16130530834198,148.38600158691406
2025-08-25,68.80000305175781,64.80000305175781,2.696000099182129,3373.800048828125,38.676998138427734,6439.31982421875,21449.2890625,5443.9599609375,24273.119140625,,42807.8203125,3883.56201171875,14.789999961853027,98.31800079345703,1.1709601879119873,147.21499633789062
2025-08-26,67.22000122070312,63.25,2.7170000076293945,3388.60009765625,38.582000732421875,6465.93994140625,21544.26953125,5383.68017578125,24152.869140625,9265.7998046875,42394.3984375,3868.382080078125,14.619999885559082,98.12200164794922,1.1618449687957764,147.82200622558594
2025-08-27,68.05000305175781,64.1500015258789,2.867000102996826,3404.60009765625,38.68899917602539,6481.39990234375,21590.140625,5393.06982421875,24046.2109375,9255.5,42520.26953125,3800.35009765625,14.850000381469727,98.12699890136719,1.1639411449432373,147.46200561523438
2025-08-28,68.62000274658203,64.5999984741211,2.944000005722046,3431.800048828125,39.189998626708984,6501.85986328125,21705.16015625,5396.72998046875,24039.919921875,9216.7998046875,42828.7890625,3843.596923828125,14.430000305175781,97.73799896240234,1.1647952795028687,147.3159942626953
2025-08-29,68.12000274658203,64.01000213623047,2.996999979019165,3473.699951171875,40.20000076293945,6460.259765625,21455.55078125,5351.72998046875,23902.2109375,9187.2998046875,42718.46875,3857.927001953125,15.359999656677246,97.69000244140625,1.1681560277938843,146.7899932861328
2025-09-01,,,,,,,,5367.080078125,24037.330078125,9196.2998046875,42188.7890625,3875.531005859375,,,1.1691803932189941,147.0970001220703
2025-09-02,69.13999938964844,65.58999633789062,3.009000062942505,3549.39990234375,41.07099914550781,6415.5400390625,21279.630859375,5291.0400390625,23487.330078125,9116.7001953125,42310.48828125,3858.133056640625,17.170000076293945,98.34700012207031,1.1715912818908691,147.08399963378906
2025-09-03,67.5999984741211,63.970001220703125,3.063999891281128,3593.199951171875,41.54199981689453,6448.259765625,21497.73046875,5325.009765625,23594.80078125,9178.0,41938.890625,3813.556884765625,16.350000381469727,98.08300018310547,1.163602590560913,148.54800415039062
2025-09-04,66.98999786376953,63.47999954223633,3.0739998817443848,3565.800048828125,40.9109992980957,6502.080078125,21707.689453125,5346.7099609375,23770.330078125,9216.900390625,42580.26953125,3765.8759765625,15.300000190734863,98.30400085449219,1.16604483127594,147.97999572753906
2025-09-05,65.5,61.869998931884766,3.0480000972747803,3613.199951171875,41.07400131225586,6481.5,21700.390625,5318.14990234375,23596.98046875,9208.2001953125,43018.75,3812.513916015625,15.180000305175781,97.72799682617188,1.1656913757324219,148.375
2025-09-08,66.0199966430664,62.2599983215332,3.0899999141693115,3638.10009765625,41.42599868774414,6495.14990234375,21798.69921875,5362.81005859375,23807.130859375,9221.400390625,43643.80859375,3826.841064453125,15.109999656677246,97.41200256347656,1.1713168621063232,148.343994140625
2025-09-09,66.38999938964844,62.630001068115234,3.117000102996826,3643.300048828125,40.87799835205078,6512.60986328125,21879.490234375,5368.81982421875,23718.44921875,9242.5,43459.2890625,3807.2919921875,15.039999961853027,97.75199890136719,1.1769136190414429,147.36399841308594
2025-09-10,67.48999786376953,63.66999816894531,3.0290000438690186,3643.60009765625,41.132999420166016,6532.0400390625,21886.060546875,5361.47021484375,23632.94921875,9225.400390625,43837.671875,3812.220947265625,15.350000381469727,97.74700164794922,1.1702749729156494,147.39199829101562
2025-09-11,66.37000274658203,62.369998931884766,2.934000015258789,3636.89990234375,41.696998596191406,6587.47021484375,22043.0703125,5386.77001953125,23703.650390625,9297.599609375,44372.5,3875.30908203125,14.710000038146973,97.52799987792969,1.1703435182571411,147.33200073242188
2025-09-12,66.98999786376953,62.689998626708984,2.940999984741211,3649.39990234375,42.387001037597656,6584.2900390625,22141.099609375,5390.7099609375,23698.150390625,9283.2998046875,44768.12109375,3870.597900390625,14.760000228881836,97.53600311279297,1.1734747886657715,147.2239990234375
2025-09-15,67.44000244140625,63.29999923706055,3.0429999828338623,3682.199951171875,42.516998291015625,6615.27978515625,22348.75,5440.39990234375,23748.859375,9277.0,,3860.50390625,15.6899995803833,97.447998046875,1.1726491451263428,147.66600036621094
2025-09-16,68.47000122070312,64.5199966430664,3.1029999256134033,3688.89990234375,42.47100067138672,6606.759765625,22333.9609375,5372.31005859375,23329.240234375,9195.7001953125,44902.26953125,3861.864990234375,16.360000610351562,96.24800109863281,1.1763737201690674,147.40499877929688
2025-09-17,67.94999694824219,64.05000305175781,3.0999999046325684,3681.800048828125,41.72200012207031,6600.35009765625,22261.330078125,5369.7001953125,23359.1796875,9208.400390625,44790.37890625,3876.341064453125,15.720000267028809,96.5199966430664,1.1871408224105835,146.41299438476562
2025-09-18,67.44000244140625,63.56999969482422,2.938999891281128,3643.699951171875,41.707000732421875,6631.9599609375,22470.720703125,5456.669921875,23674.529296875,9228.099609375,45303.4296875,3831.656005859375,15.699999809265137,96.97100067138672,1.1826341152191162,146.89100646972656
2025-09-19,66.68000030517578,62.68000030517578,2.888000011444092,3671.5,42.5359992980957,6664.35986328125,22631.48046875,5458.419921875,23639.41015625,9216.7001953125,45045.80859375,3820.089111328125,15.449999809265137,97.2699966430664,1.1791062355041504,147.94700622558594
2025-09-22,66.56999969482422,62.63999938964844,2.805999994277954,3740.699951171875,43.79899978637695,6693.75,22788.98046875,5442.0498046875,23527.05078125,9226.7001953125,45493.66015625,3828.575927734375,16.100000381469727,96.9749984741211,1.1736950874328613,148.09500122070312
2025-09-23,67.62999725341797,63.40999984741211,2.8529999256134033,3780.60009765625,44.19200134277344,6656.919921875,22573.470703125,5472.39013671875,23611.330078125,9223.2998046875,,3821.8330078125,16.639999389648438,96.89299774169922,1.1801080703735352,147.72500610351562
2025-09-24,69.30999755859375,64.98999786376953,2.8580000400543213,3732.10009765625,43.777000427246094,6637.97021484375,22497.859375,5464.56005859375,23666.810546875,9250.400390625,45630.30859375,3853.64208984375,16.18000030517578,97.51799774169922,1.1814465522766113,147.61300659179688
2025-09-25,69.41999816894531,64.9800033569336,2.9040000438690186,3736.89990234375,44.696998596191406,6604.72021484375,22384.69921875,5444.89013671875,23534.830078125,9214.0,45754.9296875,3853.302001953125,16.739999771118164,98.21499633789062,1.1744670867919922,148.75100708007812
2025-09-26,70.12999725341797,65.72000122070312,2.8350000381469727,3775.300048828125,46.22100067138672,6643.7001953125,22484.0703125,5499.7001953125,23739.470703125,9284.7998046875,45354.98828125,3828.10595703125,15.289999961853027,97.8239974975586,1.166275978088379,149.86099243164062
2025-09-29,67.97000122070312,63.45000076293945,3.2669999599456787,3820.89990234375,46.61199951171875,6661.2099609375,22591.150390625,5506.85009765625,23745.060546875,9299.7998046875,45043.75,3862.531982421875,16.1200008392334,97.58399963378906,1.170823097229004,149.40499877929688
2025-09-30,67.0199966430664,62.369998931884766,3.302999973297119,3840.800048828125,46.25299835205078,6688.4599609375,22660.009765625,5529.9599609375,23880.720703125,9350.400390625,44932.62890625,3882.777099609375,16.280000686645508,97.45099639892578,1.1731443405151367,148.59500122070312
2025-10-01,65.3499984741211,61.779998779296875,3.4760000705718994,3867.5,47.290000915527344,6711.2001953125,22755.16015625,5581.2099609375,24113.619140625,9446.400390625,44550.8515625,,16.290000915527344,97.38099670410156,1.1735849380493164,147.9969940185547
2025-10-02,64.11000061035156,60.47999954223633,3.441999912261963,3839.699951171875,46.0,6715.35009765625,22844.05078125,5645.81005859375,24422.560546875,9427.7001953125,44936.73046875,,16.6299991607666,97.54000091552734,1.1734058856964111,147.08299255371094
2025-10-03,64.52999877929688,60.880001068115234,3.3239998817443848,3880.800048828125,47.59700012207031,6715.7900390625,22780.509765625,5651.7099609375,24378.80078125,9491.2998046875,45769.5,,16.649999618530273,97.41500091552734,1.1725116968154907,147.14999389648438
2025-10-06,65.47000122070312,61.689998626708984,3.3570001125335693,3948.5,48.082000732421875,6740.27978515625,22941.669921875,5628.72021484375,24378.2890625,9479.099609375,47944.76171875,,16.3700008392334,97.80699920654297,1.171248197555542,149.6060028076172
2025-10-07,65.44999694824219,61.72999954223633,3.497999906539917,3976.60009765625,47.17900085449219,6714.58984375,22788.359375,5613.6201171875,24385.779296875,9483.599609375,47950.87890625,,17.239999771118164,98.28399658203125,1.171028733253479,150.33099365234375
2025-10-08,66.25,62.54999923706055,3.3329999446868896,4043.300048828125,48.65599822998047,6753.72021484375,23043.380859375,5649.72998046875,24597.130859375,9548.900390625,47734.98828125,,16.299999237060547,98.63999938964844,1.1654603481292725,152.05099487304688
2025-10-09,65.22000122070312,61.5099983215332,3.2690000534057617,3946.300048828125,46.849998474121094,6735.10986328125,23024.630859375,5625.56005859375,24611.25,9509.400390625,48580.44140625,3933.971923828125,16.43000030517578,99.28500366210938,1.1631964445114136,152.67999267578125
2025-10-10,62.72999954223633,58.900001525878906,3.1059999465942383,3975.89990234375,46.9379997253418,6552.509765625,22204.4296875,5531.31982421875,24241.4609375,9427.5,48088.80078125,3897.028076171875,21.65999984741211,98.73200225830078,1.156644344329834,152.96499633789062
2025-10-13,63.31999969482422,59.4900016784668,3.118000030517578,4108.60009765625,50.130001068115234,6654.72021484375,22694.609375,5568.18994140625,24387.9296875,9442.900390625,,3889.501953125,19.030000686645508,99.02999877929688,1.160240888595581,152.05599975585938
2025-10-14,62.38999938964844,58.70000076293945,3.0280001163482666,4138.7001953125,50.31399917602539,6644.31005859375,22521.69921875,5552.0498046875,24236.939453125,9452.7998046875,46847.3203125,3865.22900390625,20.809999465942383,98.80999755859375,1.1566845178604126,152.4340057373047
2025-10-15,61.90999984741211,58.27000045776367,3.0160000324249268,4176.89990234375,51.073001861572266,6671.06005859375,22670.080078125,5605.02978515625,24181.369140625,9424.7998046875,47672.671875,3912.208984375,20.639999389648438,98.54100036621094,1.1602274179458618,151.7310028076172
2025-10-16,61.060001373291016,57.459999084472656,2.937999963760376,4280.2001953125,53.02299880981445,6629.06982421875,22562.5390625,5652.009765625,24272.189453125,9436.099609375,48277.73828125,3916.22802734375,25.309999465942383,98.09200286865234,1.1646324396133423,150.9739990234375
2025-10-17,61.290000915527344,57.540000915527344,3.007999897003174,4189.89990234375,49.86399841308594,6664.009765625,22679.970703125,5607.39013671875,23830.990234375,9354.599609375,47582.1484375,3839.7548828125,20.780000686645508,98.19200134277344,1.1699601411819458,150.1199951171875
2025-10-20,61.0099983215332,57.52000045776367,3.3970000743865967,4336.39990234375,51.11899948120117,6735.1298828125,22990.5390625,5680.93017578125,24258.80078125,9403.599609375,49185.5,3863.89306640625,18.229999542236328,98.3550033569336,1.165745735168457,150.89999389648438
2025-10-21,61.31999969482422,57.81999969482422,3.4739999771118164,4087.699951171875,47.45000076293945,6735.35009765625,22953.669921875,5686.830078125,24330.029296875,9427.0,49316.05859375,3916.33203125,17.8700008392334,98.71099853515625,1.164442539215088,150.7740020751953
2025-10-22,62.59000015258789,58.5,3.450000047683716,4044.39990234375,47.46099853515625,6699.39990234375,22740.400390625,5639.2099609375,24151.130859375,9515.0,49307.7890625,3913.758056640625,18.600000381469727,98.6729965209961,1.160038948059082,151.89300537109375
2025-10-23,65.98999786376953,61.790000915527344,3.3440001010894775,4125.5,48.481998443603516,6738.43994140625,22941.80078125,5668.330078125,24207.7890625,9578.599609375,48641.609375,3922.409912109375,17.299999237060547,98.72899627685547,1.1608469486236572,151.95399475097656
2025-10-24,65.94000244140625,61.5,3.303999900817871,4118.39990234375,48.37699890136719,6791.68994140625,23204.869140625,5674.5,24239.890625,9645.599609375,49299.6484375,3950.31201171875,16.3700008392334,98.74700164794922,1.1618045568466187,152.6020050048828
2025-10-27,65.62000274658203,61.310001373291016,3.441999912261963,4001.89990234375,46.5620002746582,6875.16015625,23637.4609375,5711.06005859375,24308.779296875,9653.7998046875,50512.3203125,3996.945068359375,15.789999961853027,98.56300354003906,1.1631693840026855,153.06100463867188
2025-10-28,64.4000015258789,60.150001525878906,3.3450000286102295,3966.199951171875,47.125,6890.89013671875,23827.490234375,5704.35009765625,24278.630859375,9696.7001953125,50219.1796875,3988.22412109375,16.420000076293945,98.4530029296875,1.165175199508667,152.69200134277344
2025-10-29,64.91999816894531,60.47999954223633,3.375999927520752,3983.699951171875,47.72100067138672,6890.58984375,23958.470703125,5705.81005859375,24124.2109375,9756.099609375,51307.6484375,4016.3310546875,16.920000076293945,99.02200317382812,1.1657865047454834,151.7310028076172
2025-10-30,65.0,60.56999969482422,3.9560000896453857,4001.300048828125,48.428001403808594,6822.33984375,23581.140625,5699.18017578125,24118.890625,9760.099609375,51325.609375,3986.90087890625,16.90999984741211,99.3479995727539,1.1603351831436157,152.7220001220703
2025-10-31,65.06999969482422,60.97999954223633,4.124000072479248,3982.199951171875,47.99399948120117,6840.2001953125,23724.9609375,5662.0400390625,23958.30078125,9717.2998046875,52411.33984375,3954.7900390625,17.440000534057617,99.62999725341797,1.157246708869934,153.89999389648438
2025-11-03,64.88999938964844,61.04999923706055,4.265999794006348,4000.300048828125,47.88800048828125,6851.97021484375,23834.720703125,5679.25,24132.41015625,9701.400390625,,3976.52099609375,17.170000076293945,99.70700073242188,1.1528042554855347,154.19500732421875
2025-11-04,64.44000244140625,60.560001373291016,4.3429999351501465,3947.699951171875,47.130001068115234,6771.5498046875,23348.640625,5660.2001953125,23949.109375,9715.0,51497.19921875,3960.18603515625,19.0,100.06999969482422,1.1519144773483276,154.20399475097656
2025-11-05,63.52000045776367,59.599998474121094,4.23199987411499,3980.300048828125,47.862998962402344,6796.2900390625,23499.80078125,5669.1298828125,24049.740234375,9777.099609375,50212.26953125,3969.248046875,18.010000228881836,100.05899810791016,1.1485539674758911,153.5570068359375
2025-11-06,63.380001068115234,59.43000030517578,4.35699987411499,3979.89990234375,47.79399871826172,6720.31982421875,23053.990234375,5611.18017578125,23734.01953125,9735.7998046875,50883.6796875,4007.760009765625,19.5,99.58499908447266,1.1496764421463013,154.072998046875
2025-11-07,63.630001068115234,59.75,4.315000057220459,3999.39990234375,48.016998291015625,6728.7998046875,23004.5390625,5566.52978515625,23569.9609375,9682.599609375,50276.37109375,3997.555908203125,19.079999923706055,99.47100067138672,1.1549211740493774,152.947998046875
2025-11-10,64.05999755859375,60.130001068115234,4.3379998207092285,4111.7998046875,50.176998138427734,6832.43017578125,23527.169921875,5664.4599609375,23959.990234375,9787.2001953125,50911.76171875,4018.596923828125,17.600000381469727,99.46199798583984,1.1543878316879272,153.81700134277344
2025-11-11,65.16000366210938,61.040000915527344,4.565000057220459,4106.7998046875,50.61800003051758,6846.60986328125,23468.30078125,5725.7001953125,24088.060546875,9899.599609375,50842.9296875,4002.758056640625,17.280000686645508,99.31600189208984,1.1557220220565796,154.14599609375
2025-11-12,62.709999084472656,58.4900016784668,4.5329999923706055,4204.39990234375,53.332000732421875,6850.919921875,23406.4609375,5787.31005859375,24381.4609375,9911.400390625,51063.30859375,4000.139892578125,17.510000228881836,99.3740005493164,1.1587486267089844,154.0749969482422
2025-11-13,63.0099983215332,58.689998626708984,4.645999908447266,4186.89990234375,53.07400131225586,6737.490234375,22870.359375,5742.7900390625,24041.619140625,9807.7001953125,51281.828125,4029.5009765625,20.0,99.05000305175781,1.159218668937683,154.71299743652344
2025-11-14,64.38999938964844,60.09000015258789,4.565999984741211,4087.60009765625,50.59000015258789,6734.10986328125,22900.58984375,5693.77001953125,23876.55078125,9698.400390625,50376.53125,3990.491943359375,19.829999923706055,99.1989974975586,1.1631964445114136,154.63299560546875
2025-11-17,64.19999694824219,59.90999984741211,4.361000061035156,4068.300048828125,50.625,6672.41015625,22708.0703125,5640.93994140625,23590.51953125,9675.400390625,50323.91015625,3972.034912109375,22.3799991607666,99.48799896240234,1.1615345478057861,154.5850067138672
2025-11-18,64.88999938964844,60.7400016784668,4.370999813079834,4061.300048828125,50.45000076293945,6617.31982421875,22432.849609375,5534.7099609375,23180.529296875,9552.2998046875,48702.98046875,3939.81298828125,24.690000534057617,99.4489974975586,1.159057378768921,155.2729949951172
2025-11-19,63.5099983215332,59.439998626708984,4.550000190734863,4077.699951171875,50.790000915527344,6642.16015625,22564.23046875,5542.0498046875,23162.919921875,9507.400390625,48537.69921875,3946.741943359375,23.65999984741211,100.1510009765625,1.1581177711486816,155.54800415039062
2025-11-20,63.380001068115234,59.13999938964844,4.473999977111816,4056.5,50.24700164794922,6538.759765625,22078.05078125,5569.919921875,23278.849609375,9527.7001953125,49823.94140625,3931.051025390625,26.420000076293945,100.08999633789062,1.154068112373352,156.99200439453125
2025-11-21,62.560001373291016,58.060001373291016,4.579999923706055,4076.699951171875,49.87300109863281,6602.990234375,22273.080078125,5515.08984375,23091.869140625,9539.7001953125,48625.87890625,3834.89111328125,23.43000030517578,100.11299896240234,1.1534557342529297,157.36900329589844
2025-11-24,63.369998931884766,58.84000015258789,4.548999786376953,4091.89990234375,50.29499816894531,6705.1201171875,22872.009765625,5528.669921875,23239.1796875,9534.900390625,,3836.764892578125,20.520000457763672,100.0719985961914,1.1507612466812134,156.68800354003906
2025-11-25,62.47999954223633,57.95000076293945,4.423999786376953,4139.2001953125,50.933998107910156,6765.8798828125,23025.58984375,5573.91015625,23464.630859375,9609.5,48659.51953125,3870.02294921875,18.559999465942383,99.58899688720703,1.1520073413848877,156.93899536132812
2025-11-26,63.130001068115234,58.650001525878906,4.558000087738037,4165.2001953125,52.91600036621094,6812.60986328125,23214.689453125,5655.580078125,23726.220703125,9691.599609375,49559.0703125,3864.18408203125,17.190000534057617,99.52200317382812,1.156483769416809,156.22999572753906
2025-11-27,,,,,,,,5653.169921875,23767.9609375,9693.900390625,50167.1015625,3875.260009765625,,,1.1602139472961426,156.23899841308594
2025-11-28,63.20000076293945,58.54999923706055,4.849999904632568,4218.2998046875,56.44599914550781,6849.08984375,23365.689453125,5668.169921875,23836.7890625,9720.5,50253.91015625,3888.595947265625,16.350000381469727,99.40799713134766,1.1599851846694946,156.28399658203125
2025-12-01,63.16999816894531,59.31999969482422,4.921000003814697,4239.2998046875,58.417999267578125,6812.6298828125,23275.919921875,5667.47998046875,23589.439453125,9702.5,49303.28125,3914.006103515625,17.239999771118164,99.36199951171875,1.1601465940475464,155.92799377441406
2025-12-02,62.45000076293945,58.63999938964844,4.840000152587891,4186.60009765625,57.983001708984375,6829.3701171875,23413.669921875,5686.169921875,23710.859375,9701.7998046875,49303.44921875,3897.7119140625,16.59000015258789,99.2959976196289,1.1607661247253418,155.5570068359375
2025-12-03,62.66999816894531,58.95000076293945,4.994999885559082,4199.2998046875,57.92100143432617,6849.72021484375,23454.08984375,5694.56005859375,23693.7109375,9692.099609375,49864.6796875,3878.0,16.079999923706055,98.7959976196289,1.1627906560897827,155.8070068359375
2025-12-04,63.2599983215332,59.66999816894531,5.063000202178955,4211.7998046875,56.84700012207031,6857.1201171875,23505.140625,5718.080078125,23882.029296875,9710.900390625,51028.421875,3875.79296875,15.779999732971191,98.9530029296875,1.1666841506958008,155.10699462890625
2025-12-05,63.75,60.08000183105469,5.289000034332275,4212.89990234375,58.422000885009766,6870.39990234375,23578.130859375,5723.93017578125,24028.140625,9667.0,50491.87109375,3902.80810546875,15.40999984741211,98.96800231933594,1.1642799377441406,155.14199829101562
2025-12-08,62.4900016784668,58.880001068115234,4.9120001792907715,4187.2001953125,57.77899932861328,6846.509765625,23545.900390625,5725.58984375,24046.009765625,9645.099609375,50581.94140625,3924.077880859375,16.65999984741211,99.06099700927734,1.164022445678711,155.33999633789062
2025-12-09,61.939998626708984,58.25,4.573999881744385,4206.7001953125,60.16899871826172,6840.509765625,23576.490234375,5718.31982421875,24162.650390625,9642.0,50655.1015625,3909.52099609375,16.93000030517578,99.197998046875,1.1641442775726318,155.843994140625
2025-12-10,62.209999084472656,58.459999084472656,4.59499979019165,4196.39990234375,60.37900161743164,6886.68017578125,23654.150390625,5708.1201171875,24130.140625,9655.5,50602.80078125,3900.49609375,15.770000457763672,98.76799774169922,1.1628313064575195,156.83799743652344
2025-12-11,61.279998779296875,57.599998474121094,4.230999946594238,4285.5,63.92900085449219,6901.0,23593.859375,5753.9599609375,24294.609375,9703.2001953125,50148.8203125,3873.318115234375,14.850000381469727,98.34400177001953,1.1701242923736572,155.7899932861328
2025-12-12,61.119998931884766,57.439998626708984,4.11299991607666,4300.10009765625,61.36199951171875,6827.41015625,23195.169921875,5720.7099609375,24186.490234375,9649.0,50836.55078125,3889.345947265625,15.739999771118164,98.39399719238281,1.1739431619644165,155.56700134277344
2025-12-15,60.560001373291016,56.81999969482422,4.01200008392334,4306.7001953125,62.939998626708984,6816.509765625,23057.41015625,5752.52001953125,24229.91015625,9751.2998046875,50168.109375,3867.9208984375,16.5,98.16799926757812,1.1737639904022217,155.88800048828125
2025-12-16,58.91999816894531,55.27000045776367,3.885999917984009,4304.5,62.70000076293945,6800.259765625,23111.4609375,5717.830078125,24076.869140625,9684.7998046875,49383.2890625,3824.81201171875,16.479999542236328,97.79399871826172,1.1754610538482666,155.01499938964844
2025-12-17,59.68000030517578,55.939998626708984,4.02400016784668,4347.5,66.23699951171875,6721.43017578125,22693.3203125,5681.669921875,23960.58984375,9774.2998046875,49512.28125,3870.278076171875,17.6200008392334,98.00199890136719,1.1749500036239624,154.7779998779297
2025-12-18,59.81999969482422,56.150001525878906,3.9079999923706055,4339.5,64.59200286865234,6774.759765625,23006.359375,5741.7099609375,24199.5,9837.7998046875,49001.5,3876.37109375,16.8700008392334,98.08799743652344,1.1742326021194458,155.4949951171875
2025-12-19,60.470001220703125,56.65999984741211,3.9839999675750732,4361.39990234375,66.84500122070312,6834.5,23307.619140625,5760.35009765625,24288.400390625,9897.400390625,49507.2109375,3890.447998046875,14.90999984741211,98.25199890136719,1.1725666522979736,155.58599853515625
2025-12-22,62.06999969482422,58.0099983215332,3.9649999141693115,4444.60009765625,67.90599822998047,6878.490234375,23428.830078125,5743.68994140625,24283.970703125,9866.0,50402.390625,3917.364013671875,14.079999923706055,97.9540023803711,1.1708093881607056,157.67599487304688
2025-12-23,62.380001068115234,58.380001068115234,4.4079999923706055,4482.7998046875,70.48500061035156,6909.7900390625,23561.83984375,5749.27978515625,24340.060546875,9889.2001953125,50412.87109375,3919.97900390625,14.0,97.61299896240234,1.1765950918197632,156.8769989013672
2025-12-24,62.2400016784668,58.349998474121094,4.242000102996826,4480.60009765625,71.03099822998047,6932.0498046875,23613.310546875,,,9870.7001953125,50344.1015625,3940.947021484375,13.470000267028809,97.68099975585938,1.179551362991333,156.17599487304688
2025-12-25,,,,,,,,,,,50407.7890625,3959.62109375,,,,
2025-12-26,60.63999938964844,56.7400016784668,4.366000175476074,4529.10009765625,76.48600006103516,6929.93994140625,23593.099609375,,,,50750.390625,3963.678955078125,13.600000381469727,97.697998046875,1.1785364151000977,156.08999633789062
2025-12-29,61.939998626708984,58.08000183105469,4.686999797821045,4325.10009765625,69.85600280761719,6905.740234375,23474.349609375,5751.7099609375,24351.119140625,9866.5,50526.921875,3965.280029296875,14.199999809265137,97.73200225830078,1.1772738695144653,156.46299743652344
2025-12-30,61.91999816894531,57.95000076293945,3.9719998836517334,4370.10009765625,77.3740005493164,6896.240234375,23419.080078125,5796.22021484375,24490.41015625,9940.7001953125,50339.48046875,3965.115966796875,14.329999923706055,97.95500183105469,1.1772878170013428,156.01300048828125
2025-12-31,60.849998474121094,57.41999816894531,3.686000108718872,4325.60009765625,70.13400268554688,6845.5,23241.990234375,,,9931.400390625,,3968.840087890625,14.949999809265137,98.0469970703125,1.1747292280197144,156.41299438476562
2026-01-02,60.75,57.31999969482422,3.618000030517578,4314.39990234375,70.55599975585938,6858.47021484375,23235.630859375,,24539.33984375,9951.099609375,,,14.510000228881836,98.15799713134766,1.175046682357788,156.7310028076172
2026-01-05,61.7599983215332,58.31999969482422,3.5230000019073486,4436.89990234375,76.16400146484375,6902.0498046875,23395.8203125,5923.68994140625,24868.689453125,10004.599609375,51832.80078125,4023.4169921875,14.899999618530273,97.98200225830078,1.1704667806625366,156.98899841308594
2026-01-06,60.70000076293945,57.130001068115234,3.3499999046325684,4482.2001953125,80.52999877929688,6944.81982421875,23547.169921875,5931.7900390625,24892.19921875,10122.7001953125,52518.078125,4083.6669921875,14.75,98.31700134277344,1.1714951992034912,156.62600708007812
2026-01-07,59.959999084472656,55.9900016784668,3.5250000953674316,4449.2998046875,77.13500213623047,6920.93017578125,23584.279296875,5923.56982421875,25122.259765625,10048.2001953125,51961.98046875,4085.77197265625,15.380000114440918,98.4219970703125,1.1688251495361328,156.67999267578125
2026-01-08,61.9900016784668,57.7599983215332,3.4070000648498535,4449.7001953125,74.71600341796875,6921.4599609375,23480.01953125,5904.31982421875,25127.4609375,10044.7001953125,51117.26171875,4082.97900390625,15.449999809265137,98.68800354003906,1.1676785945892334,156.7310028076172
2026-01-09,63.34000015258789,59.119998931884766,3.1689999103546143,4490.2998046875,78.88400268554688,6966.27978515625,23671.349609375,5997.47021484375,25261.640625,10124.599609375,51939.890625,4120.42578125,14.489999771118164,98.88999938964844,1.1657865047454834,156.8800048828125
2026-01-12,63.869998931884766,59.5,3.4089999198913574,4604.2998046875,84.61000061035156,6977.27001953125,23733.900390625,6016.2998046875,25405.33984375,10140.7001953125,,4165.287109375,15.119999885559082,98.6259994506836,1.1623716354370117,158.1490020751953
2026-01-13,65.47000122070312,61.150001525878906,3.4189999103546143,4589.2001953125,85.87699890136719,6963.740234375,23709.869140625,6029.830078125,25420.66015625,10137.400390625,53549.16015625,4138.7578125,15.979999542236328,98.90899658203125,1.1666978597640991,157.98599243164062
2026-01-14,66.5199966430664,62.02000045776367,3.119999885559082,4626.2998046875,90.86900329589844,6926.60009765625,23471.75,6005.0498046875,25286.240234375,10184.400390625,54341.23046875,4126.0927734375,16.75,98.90699768066406,1.164252758026123,159.1790008544922
2026-01-15,63.7599983215332,59.189998626708984,3.128000020980835,4616.2998046875,91.8759994506836,6944.47021484375,23530.01953125,6041.14013671875,25352.390625,10238.900390625,54110.5,4112.60107421875,15.84000015258789,99.12200164794922,1.1646324396133423,158.40199279785156
2026-01-16,64.12999725341797,59.439998626708984,3.1029999256134033,4588.39990234375,88.09100341796875,6940.009765625,23515.390625,6029.4501953125,25297.130859375,10235.2998046875,53936.171875,4101.9130859375,15.859999656677246,99.20099639892578,1.1609008312225342,158.5959930419922
2026-01-19,,,,,,,,5925.81982421875,24959.060546875,10195.400390625,53583.5703125,4114.0,,,1.162493348121643,157.53500366210938
2026-01-20,64.91999816894531,60.34000015258789,3.9070000648498535,4759.60009765625,94.20600128173828,6796.85986328125,22954.3203125,5892.080078125,24703.119140625,10126.7998046875,52991.1015625,4113.64892578125,20.09000015258789,98.43900299072266,1.1639139652252197,158.177001953125
2026-01-21,65.23999786376953,60.619998931884766,4.875,4831.7998046875,92.20999908447266,6875.6201171875,23224.8203125,5882.8798828125,24560.98046875,10138.099609375,52774.640625,4116.93994140625,16.899999618530273,98.56300354003906,1.1727865934371948,158.16200256347656
2026-01-22,64.05999755859375,59.36000061035156,5.045000076293945,4908.7998046875,95.97599792480469,6913.35009765625,23436.01953125,5956.169921875,24856.470703125,10150.099609375,53688.890625,4122.576171875,15.640000343322754,98.1760025024414,1.1672970056533813,158.45599365234375
2026-01-23,65.87999725341797,61.06999969482422,5.275000095367432,4976.2001953125,100.92500305175781,6915.60986328125,23501.240234375,5948.2001953125,24900.7109375,10143.400390625,53846.87109375,4136.1640625,16.09000015258789,97.40399932861328,1.1754610538482666,158.50100708007812
2026-01-26,65.58999633789062,60.630001068115234,6.800000190734863,5079.7001953125,115.08000183105469,6950.22998046875,23601.359375,5957.7998046875,24933.080078125,10148.900390625,52885.25,4132.60498046875,16.149999618530273,96.85700225830078,1.1858457326889038,155.16600036621094
2026-01-27,67.56999969482422,62.38999938964844,6.953999996185303,5079.89990234375,105.52300262451172,6978.60009765625,23817.099609375,5994.58984375,24894.439453125,10207.7998046875,53333.5390625,4139.90380859375,16.350000381469727,96.0510025024414,1.1876484155654907,154.33599853515625
2026-01-28,68.4000015258789,63.209999084472656,7.460000038146973,5301.60009765625,113.11100006103516,6978.02978515625,23857.44921875,5933.2001953125,24822.7890625,10154.400390625,53358.7109375,4151.23779296875,16.350000381469727,96.27400207519531,1.2017642259597778,152.4530029296875
2026-01-29,70.70999908447266,65.41999816894531,3.9179999828338623,5318.39990234375,114.03700256347656,6969.009765625,23685.119140625,5891.9501953125,24309.4609375,10171.7998046875,53375.6015625,4157.98388671875,16.8799991607666,96.13700103759766,1.1977769136428833,153.0959930419922
2026-01-30,70.69000244140625,65.20999908447266,4.354000091552734,4713.89990234375,78.29000091552734,6939.02978515625,23461.8203125,5947.81005859375,24538.810546875,10223.5,53322.8515625,4117.9482421875,17.440000534057617,96.85900115966797,1.19657301902771,153.16200256347656
2026-02-02,66.30000305175781,62.13999938964844,3.236999988555908,4622.5,76.77799987792969,6976.43994140625,23592.109375,6007.509765625,24797.51953125,10341.599609375,52655.1796875,4015.74609375,16.34000015258789,97.49199676513672,1.1849182844161987,155.20199584960938
2026-02-03,67.33000183105469,63.209999084472656,3.311000108718872,4903.7001953125,83.04199981689453,6917.81005859375,23255.189453125,5995.35009765625,24780.7890625,10314.599609375,54720.66015625,4067.738037109375,18.0,97.3010025024414,1.1798714399337769,155.4429931640625
2026-02-04,69.45999908447266,65.13999938964844,3.4649999141693115,4920.39990234375,84.16500091552734,6882.72021484375,22904.580078125,5970.47021484375,24603.0390625,10402.2998046875,54293.359375,4102.2021484375,18.639999389648438,97.48899841308594,1.1816140413284302,155.7989959716797
2026-02-05,67.55000305175781,63.290000915527344,3.509000062942505,4861.39990234375,76.52899932861328,6798.39990234375,22540.58984375,5925.7001953125,24491.060546875,10309.2001953125,53818.0390625,4075.9169921875,21.770000457763672,97.70099639892578,1.180163860321045,156.91700744628906
2026-02-06,68.05000305175781,63.54999923706055,3.421999931335449,4951.2001953125,76.73500061035156,6932.2998046875,23031.2109375,5998.39990234375,24721.4609375,10369.7998046875,54253.6796875,4065.5830078125,20.3700008392334,97.50599670410156,1.177786946296692,156.78399658203125
2026-02-09,69.04000091552734,64.36000061035156,3.138000011444092,5050.89990234375,82.06500244140625,6964.81982421875,23238.669921875,6059.009765625,25014.869140625,10386.2001953125,56363.94140625,4123.08984375,17.360000610351562,96.68800354003906,1.182578206062317,157.24400329589844
2026-02-10,68.80000305175781,63.959999084472656,3.115000009536743,5003.7998046875,80.21800231933594,6941.81005859375,23102.470703125,6047.06005859375,24987.849609375,10353.7998046875,57650.5390625,4128.373046875,17.790000915527344,96.67500305175781,1.1904053688049316,156.1320037841797
2026-02-11,69.4000015258789,64.62999725341797,3.1589999198913574,5071.60009765625,83.75399780273438,6941.47021484375,23066.470703125,6035.64013671875,24856.150390625,10472.099609375,,4131.98486328125,17.649999618530273,96.72100067138672,1.1889617443084717,154.48199462890625
2026-02-12,67.5199966430664,62.84000015258789,3.2170000076293945,4923.7001953125,75.5459976196289,6832.759765625,22597.150390625,6011.2900390625,24852.689453125,10402.400390625,57639.83984375,4134.01806640625,20.81999969482422,96.83699798583984,1.1876062154769897,153.2689971923828
2026-02-13,67.75,62.88999938964844,3.243000030517578,5022.0,77.85099792480469,6836.169921875,22546.669921875,5985.22998046875,24914.880859375,10446.400390625,56941.96875,4082.072998046875,20.600000381469727,96.81900024414062,1.1868449449539185,152.8209991455078
2026-02-16,,,,,,,,5978.8798828125,24800.91015625,10473.7001953125,56806.41015625,,,,1.1867464780807495,152.7790069580078
2026-02-17,67.41999816894531,62.33000183105469,3.0309998989105225,4882.89990234375,73.4469985961914,6843.22021484375,22578.380859375,6021.85009765625,24998.400390625,10556.2001953125,56566.48828125,,20.290000915527344,97.05999755859375,1.1849884986877441,153.60899353027344
2026-02-18,70.3499984741211,65.19000244140625,3.010999917984009,4986.5,77.50900268554688,6881.31005859375,22753.630859375,6103.3701171875,25278.2109375,10686.2001953125,57143.83984375,,19.6200008392334,97.62100219726562,1.185185194015503,153.1490020751953
2026-02-19,71.66000366210938,66.43000030517578,2.996000051498413,4975.89990234375,77.56500244140625,6861.89013671875,22682.73046875,6059.6201171875,25043.5703125,10627.0,57467.828125,,20.229999542236328,97.8550033569336,1.1788839101791382,154.6929931640625
2026-02-20,71.76000213623047,66.38999938964844,3.046999931335449,5059.2998046875,82.28299713134766,6909.509765625,22886.0703125,6131.31005859375,25260.689453125,10686.900390625,56825.69921875,,19.09000015258789,97.72899627685547,1.1769136190414429,155.16000366210938
2026-02-23,71.48999786376953,66.30999755859375,2.984999895095825,5204.7001953125,86.52300262451172,6837.75,22627.26953125,6113.919921875,24991.970703125,10684.7001953125,,,21.010000228881836,97.64099884033203,1.1834739446640015,154.33900451660156
2026-02-24,70.7699966430664,65.62999725341797,2.9149999618530273,5155.7998046875,87.45700073242188,6890.06982421875,22863.6796875,6116.60009765625,24986.25,10680.599609375,57321.08984375,4117.4091796875,19.549999237060547,97.7699966430664,1.1793843507766724,154.63499450683594
2026-02-25,70.8499984741211,65.41999816894531,2.9690001010894775,5206.39990234375,90.93900299072266,6946.1298828125,23152.080078125,6173.31982421875,25175.939453125,10806.400390625,58583.12109375,4147.22998046875,17.93000030517578,97.625,1.1775233745574951,155.8800048828125
2026-02-26,70.75,65.20999908447266,2.8269999027252197,5176.5,86.99800109863281,6908.85986328125,22878.380859375,6161.56005859375,25289.01953125,10846.7001953125,58753.390625,4146.630859375,18.6299991607666,97.73999786376953,1.181516408920288,156.1999969482422
2026-02-27,72.4800033569336,67.0199966430664,2.8589999675750732,5230.5,92.68199920654297,6878.8798828125,22668.2109375,6138.41015625,25284.259765625,10910.599609375,58850.26953125,4162.880859375,19.860000610351562,97.56500244140625,1.1803030967712402,155.85899353027344
2026-03-02,77.73999786376953,71.2300033569336,2.9600000381469727,5294.39990234375,88.28399658203125,6881.6201171875,22748.859375,5986.93017578125,24638.0,10780.099609375,58057.23828125,4182.5908203125,21.440000534057617,98.33699798583984,1.1759449243545532,156.63299560546875
2026-03-03,81.4000015258789,74.55999755859375,3.053999900817871,5107.39990234375,82.9229965209961,6816.6298828125,22516.689453125,5771.72998046875,23790.650390625,10484.099609375,56279.05078125,4122.67578125,23.56999969482422,99.00599670410156,1.1697274446487427,157.2570037841797
2026-03-04,81.4000015258789,74.66000366210938,2.9170000553131104,5120.2001953125,82.63300323486328,6869.5,22807.48046875,5870.919921875,24205.359375,10567.7001953125,54245.5390625,4082.47412109375,21.149999618530273,98.7300033569336,1.161224365234375,157.7729949951172
2026-03-05,85.41000366210938,81.01000213623047,3.003000020980835,5065.2998046875,81.68699645996094,6830.7099609375,22748.990234375,5782.89013671875,23815.75,10413.900390625,55278.05859375,4108.56689453125,23.75,99.30899810791016,1.1635618209838867,156.98300170898438
2026-03-06,92.69000244140625,90.9000015258789,3.186000108718872,5146.10009765625,83.81600189208984,6740.02001953125,22387.6796875,5719.89990234375,23591.029296875,10284.7998046875,55620.83984375,4124.19384765625,29.489999771118164,98.97899627685547,1.1608065366744995,157.53399658203125
2026-03-09,98.95999908447266,94.7699966430664,3.119999885559082,5091.5,84.03199768066406,6795.990234375,22695.94921875,5685.2001953125,23409.369140625,10249.5,52728.71875,4096.60302734375,25.5,99.1709976196289,1.152325987815857,158.427001953125
2026-03-10,87.80000305175781,83.44999694824219,3.0199999809265137,5229.7001953125,89.08300018310547,6781.47998046875,22697.099609375,5837.169921875,23968.630859375,10412.2001953125,54248.390625,4123.13818359375,24.93000030517578,98.80899810791016,1.1617234945297241,157.84800720214844
2026-03-11,91.9800033569336,87.25,3.2090001106262207,5167.39990234375,85.06500244140625,6775.7998046875,22716.130859375,5794.68017578125,23640.029296875,10353.7998046875,55025.37109375,4133.43310546875,24.229999542236328,99.2249984741211,1.1611299514770508,158.11399841308594
2026-03-12,100.45999908447266,95.7300033569336,3.2330000400543213,5115.7998046875,84.66999816894531,6672.6201171875,22311.98046875,5748.89013671875,23589.650390625,10305.2001953125,54452.9609375,4129.10302734375,27.290000915527344,99.75399780273438,1.1543211936950684,159.0749969482422
2026-03-13,103.13999938964844,98.70999908447266,3.13100004196167,5052.5,80.91400146484375,6632.18994140625,22105.359375,5716.60986328125,23447.2890625,10261.2001953125,53819.609375,4095.447998046875,27.190000534057617,100.36199951171875,1.1521666049957275,159.20599365234375
2026-03-16,100.20999908447266,93.5,3.0230000019073486,4994.0,80.26300048828125,6699.3798828125,22374.1796875,5739.009765625,23564.009765625,10317.7001953125,53751.1484375,4084.785888671875,23.510000228881836,99.83499908447266,1.1435105800628662,159.5679931640625
