date,brent_usd_indexed_d0,wti_usd_indexed_d0,natgas_usd_indexed_d0,gold_usd_indexed_d0,silver_usd_indexed_d0,sp500_indexed_d0,nasdaq_indexed_d0,eurostoxx50_indexed_d0,dax_indexed_d0,ftse100_indexed_d0,nikkei225_indexed_d0,shanghai_indexed_d0,vix_indexed_d0,dxy_indexed_d0,eurusd_indexed_d0,jpyusd_indexed_d0
2025-07-03,105.27927262156393,108.44933849764399,98.07249282738022,86.14350608031674,77.78388598984091,93.56523296745223,90.5337491273013,95.7346156073698,99.25565598343712,93.40277598299782,89.3044622989635,87.98107729091834,100.55247538478326,99.4259679744204,100.54870903702525,96.97899739677709
2025-07-04,104.49885617452692,107.6400150760198,97.43958616681165,86.16677440206853,77.76485687020592,,,94.76099440103066,98.64736222309537,93.39960223770753,89.36053410875809,88.26496881599454,,99.4259679744204,100.30370520553913,97.76009830159012
2025-07-07,106.47284384958127,109.95468055583683,98.15879952818364,86.15901619061086,77.42651928442767,92.82959529087118,89.70501368079115,95.70577126550634,99.83432922898456,93.22598699860252,88.85953533786619,88.28550432930697,109.20810261324311,99.7535475381313,100.38287435407159,97.63576757546629
2025-07-08,107.34506987579906,110.60214176299527,96.0874524268864,85.50743374272786,77.12412648758267,92.76313980142513,89.73112382991427,96.25063799624823,100.38688101972977,93.73094331360097,89.08653191077822,88.90442446912222,103.19213334063957,99.78537944685027,100.00587115317575,98.57767670113951
2025-07-09,107.40628015347518,110.68306669558048,92.46259842911242,85.62637615142211,76.86826186456332,93.32547954685708,90.57875093921864,97.57113494130259,101.80786386194329,93.8664425954248,89.38388348006114,88.79194148973637,97.85143452748105,99.81310603433646,99.90385732732105,99.22431195124595
2025-07-10,105.03443151085949,107.75331986107537,96.00114572608298,85.77633878070459,78.32099277312918,93.58177044583091,90.66365613156768,97.43890764893855,101.42322645243995,95.01714752870689,88.9912492904439,89.21471613733263,96.86923785209841,99.93941517348665,99.96012085230454,98.72767983028584
2025-07-11,107.6664150775986,110.79637148063605,95.33946559258504,86.77440206851972,81.78472814333388,93.2731824088958,90.4653237134915,96.45722017532671,100.58759908839767,94.65086424082256,88.81913206976087,89.22730181910887,100.67525289638309,100.15198306602,99.71796117806619,98.84524706388645
2025-07-14,105.90665753707728,108.41697099446901,99.71231328365275,86.65804783451843,81.33220777314128,93.40445637387012,90.70615164383216,96.23092725854171,100.1949996974771,95.25426868741545,88.57209168806222,89.46809917542063,105.58624798200418,100.39227754603954,99.54206020999632,99.5256688460028
2025-07-15,105.141546578126,107.6723825791948,101.35212688093289,86.09696312419199,80.00422690067349,93.03492048987023,90.87082068095475,95.93206418229134,99.77883834934113,94.62122538822555,89.06231450051196,89.09567966684435,106.69121046027867,100.95398577333832,99.40735889120124,99.86149274610273
2025-07-16,104.85080067783115,107.44577300908364,102.15765380210064,86.68390433096316,80.04440665688456,93.33204215376318,91.1023701526491,94.92690404588919,99.56772029680776,94.49736661844366,89.02949561324674,89.06461884964014,105.34069295880455,100.7126649630106,98.90542608319728,100.51623181499455
2025-07-17,106.38102259573373,109.3234092749136,101.8987336996904,86.36328630009696,80.47367100676868,93.83358684009605,91.78423815614624,96.34380250838166,101.06707560310389,94.98432459288705,89.56325189491152,89.3962900413807,101.41190625727403,101.0936450410775,99.14709818762174,100.00406221959473
2025-07-18,106.01377260434379,108.9996724966867,102.56041383318835,86.69683257918552,80.82681081150847,93.82509619457562,91.82818423225089,96.0227265768109,100.72942441354094,95.19075242987935,89.37900843295469,89.8451483282795,100.736641652183,100.83897410216076,98.97435626563778,100.30068673162576
2025-07-21,105.90665753707728,108.77306292657553,95.65592578186168,87.96121273028442,82.68344466591755,93.95637015954993,92.17328967794222,95.73157107265082,100.80527787841625,95.41200486213643,,90.48847029291933,102.20993666525693,100.1940861124034,99.10442567120079,100.29325307597145
2025-07-22,104.95791574509765,107.17060600956229,93.55581206662742,88.92566131019716,83.14654035439818,94.0162703177073,91.81517207377928,94.79091482844134,99.70257990067043,95.52633205811489,89.27982402132115,91.04948264345738,101.28912874567422,99.72889994156968,99.64799490977114,99.60269636527231
2025-07-23,104.83550686441217,105.61670652195927,88.5212842420618,87.75953710811247,83.05772704062908,94.7507147930327,92.37473780414848,95.75432634507631,100.52750759283869,95.92542794388653,92.4142162686635,91.0605913073526,94.35235740784194,99.5502244529542,100.0281774721618,99.18107096398636
2025-07-24,105.86075274748687,106.87924908380577,89.01035783294526,87.1622495151907,82.51427183972625,94.81687198216484,92.54147539680646,95.95052386119092,100.75604804824945,96.73949877981383,93.88449014284764,91.656146017243,94.47513491944176,99.73609208830953,100.32733202610449,98.88646725155068
2025-07-25,104.72839179714566,105.4710342337287,89.470651091907,86.20555914673562,80.70839305981629,95.1937053104295,92.7627850894397,95.8960546854427,100.43079746250115,96.54788520015374,93.05373301471334,91.34928003756342,91.65131655053969,100.01848961471246,100.1728231836196,99.32972345666843
2025-07-28,107.17674453085644,107.9799294311865,85.96087040887345,85.56173491031028,80.41023523024911,95.21054108912209,93.0715491901648,95.6348196086933,99.40589687184847,96.13609433322092,92.0257819847369,91.45812632586403,92.26518654547685,101.04127085702967,100.17870449449981,99.8756795840782
2025-07-29,110.95639453602249,112.02654653930757,88.63636441579459,85.93147775937298,80.53287988261476,94.92877097796958,92.71870168184724,96.3805381442581,100.43025478421532,96.71726188691666,91.29915445990528,91.75741483145643,98.0969836963267,101.30005495176168,98.81480920174258,100.32568897151715
2025-07-30,112.073449998278,113.30527902738925,87.60069086514596,85.21784224507111,79.43751567946218,94.81016386291049,92.85660824527953,96.63102111419822,100.616255741759,96.7236197154298,91.254595126461,91.91008759150452,95.027616158579,102.26430402818194,98.42444861948671,100.30068673162576
2025-07-31,110.98699383752717,112.10748382118814,89.35557777716656,85.15061282926632,77.29329124716962,94.45985743573192,92.8248760883735,95.31839796583087,99.80032678952418,96.68021073668727,92.1863867290696,90.82952489237474,102.63964624714833,102.42552406697565,97.38839323805676,100.83042491126267
2025-08-01,106.61055821835245,108.98349491974686,88.69389764366863,86.5597918855042,77.79022634085115,92.94924281922026,90.7492222317019,,97.14829850513192,96.00058471346455,91.57984669555103,90.49256001890087,125.1074156867649,101.59066312063017,97.34055045006757,101.8750442694299
2025-08-04,105.21806234388782,107.30010072085308,84.34982342553032,87.2501590780543,78.64664965688698,94.31904513632979,92.52222323885671,93.92801670084769,98.52394746129023,96.6325735435352,90.43755126033119,91.08629017729118,107.55064133276943,101.23740963004946,98.72894612597342,99.55810474154849
2025-08-05,103.5042095929569,105.4710342337287,86.59378392843438,87.44408280138978,79.69338030248153,93.8608558541582,91.9200332479532,94.05827554403999,98.89046589578811,96.78501669679484,91.01854990496288,91.95789828795631,109.5764234393346,101.23227797850849,98.70720863843691,99.18647350984331
2025-08-06,102.35654315452997,104.15992189317662,88.5212842420618,87.39495798319328,79.86043161173174,94.54434190512625,93.0312938977955,94.30374553008937,99.21513330487107,97.01367108875178,91.56920225816391,92.37470901041105,102.94659002614787,100.61819556716188,98.66492211478531,99.70472612443321
2025-08-07,101.6526424732548,103.39916207561029,88.23359752571453,87.91984612354557,80.6893639401813,94.46894468188017,93.35332765353188,95.53609094690104,100.32712161088297,96.34145736316144,92.16243236091341,92.51888581466442,101.71883832756563,100.87080601087972,99.38068475929897,99.45674514551871
2025-08-08,101.8974719092925,103.39916207561029,86.01841049573984,88.9230794481254,81.2370460417576,95.20577555971688,94.26441907664831,95.81686178809723,100.20420092930821,96.28747267942877,93.87133803734461,92.40350465313382,93.00183405201383,100.64489582433988,99.49556839669981,99.21620813246052
2025-08-11,101.95868218696862,103.52865061225336,84.98273694509123,86.69942075387847,79.64051177764566,94.96736812834305,93.98044330947599,95.53215404855753,99.86613665627398,96.64739813879997,,92.71919550435476,99.75444497680037,101.00635995738614,99.25104197732313,99.77500046138154
2025-08-12,101.17827741459836,102.24991812417169,80.78250951462273,86.59081841871364,80.14167377200066,96.04481431096484,95.28344446597879,95.60597526682984,99.63157814166381,96.8390013805275,95.88631951304242,93.18617518710496,90.42356485195744,100.5606897315731,98.99964894973398,100.08649228472117
2025-08-13,100.42846026906605,101.40822719937246,81.35788294731725,86.84421334639624,81.41044576862237,96.35504663743517,95.42073303771586,96.54268586403283,100.29846495752166,97.02320266255519,97.13545388529856,93.63221596930633,88.9502698388835,100.2885633428346,99.49905248932832,99.83851130580668
2025-08-14,102.28002738876816,103.52865061225336,81.73187636446792,86.23658567994505,80.31718694920217,96.38425096572908,95.40987526695955,97.37494617385099,101.0943229128573,97.15023517762738,95.7316419842564,93.19952420165166,91.03744070124857,100.74141788080497,99.8043930852849,99.40742113906906
2025-08-15,100.76511095895128,101.65102052107112,83.88952330757621,86.25727213962509,80.13110652031695,96.10501276943612,95.02451452889892,97.62416933632117,101.01885013274965,96.74479180127517,97.36807955936588,93.97044685810681,92.63351322592233,100.33990336199172,99.27995080420577,99.79323920874972
2025-08-18,101.91277739737824,102.65457983498378,83.14154333226722,86.14608794238849,80.25163772234588,96.09532892266004,95.05434979462935,97.37387008830376,100.83417752205482,96.94380734063508,98.12227389733185,94.76496456491367,92.01963737663121,100.65310646680543,99.75065882871104,99.50472882570614
2025-08-19,100.67330137977049,100.92262820667979,79.57422256236727,85.67291279492567,78.79255839616546,95.53239257660024,93.67083805338797,98.24535940294923,101.28330455113499,97.27726769269958,97.7451328879972,94.74617913161154,95.58010325207022,100.75785483490105,99.42474888123043,99.94527344769341
2025-08-20,102.28002738876816,102.31466547981705,79.17146253127957,86.44860768826761,79.73144660835587,95.30008938823553,93.04640894467447,98.04898691357494,100.67742449421371,98.32422113499334,96.26875643685963,95.73555769743834,96.31675075860718,100.71780444913405,99.20481426434247,99.82027255843849
2025-08-21,103.5501143825473,102.81644822409723,81.30034286045085,86.28054046137686,80.41234868058586,94.91849053056566,92.72758531246605,97.86695348283399,100.74530787799587,98.54759284342147,95.6438999044105,95.85983820200006,101.90300459496535,101.1603956840225,99.28341458142538,99.54120632044253
2025-08-22,103.64193563639483,103.04305779420837,77.61794877581048,87.2501590780543,82.47620553385191,96.35996495480605,94.4688541627148,98.33405334829705,101.03456350401052,98.6767446346647,95.69578934465514,97.24927140507657,87.2928144127638,100.22386536050595,98.95366502166029,100.26284829022312
2025-08-25,105.27927262156393,104.88832038221562,77.56041554793643,87.23464896776018,81.78684159367063,95.94885619291095,94.26120895312036,97.5408558187095,100.66145193332379,,96.08754672723883,98.7186001047938,90.79189153240291,100.96220425038635,99.77634766328104,99.47161245682732
2025-08-26,102.86151918935784,102.37941283546243,78.16455559456797,87.61732637766644,81.58595894582388,96.34550830300735,94.6786108439346,96.46080712715079,100.1627710870405,98.08815444540403,95.1595692352261,98.33273228635106,89.74830610122038,100.76093382582563,98.99964894973398,99.88176260326827
2025-08-27,104.131606183137,103.83619746424509,82.47986319876928,88.03103032078215,81.81221913092018,96.57586890152292,94.8801963016287,96.62904391636347,99.72045588539866,97.97912027088691,95.44210276564228,96.60338637999611,91.16021821284839,100.7660654773666,99.1782620248937,99.6385140070796
2025-08-28,105.00383220935478,104.56458360398872,84.69505022874397,88.73432576155463,82.8716385451395,96.88073182234281,95.38566200901204,96.69462389410339,99.69436682930007,97.5694383421926,96.13461372879902,97.7027034826406,88.581949012792,100.36660361916971,99.25104197732313,99.53985568397829
2025-08-29,104.2387212504035,103.60958789413392,86.21979051128369,89.8177104375404,85.00740110948077,96.26087104564736,94.28872674999369,95.8883471133524,99.12328298007812,97.25715007597347,95.8869858863879,98.06696836308376,94.29096865204201,100.31731626062898,99.53740798135533,99.18444240004595
2025-09-01,,,,,,,,96.16337883163006,99.68362665904648,97.35242446227761,94.69805308505431,98.51445513337876,,,99.62469313574837,99.39188366462933
2025-09-02,105.79954246981077,106.16704052100194,86.56501731449735,91.77504595588235,86.84922467832399,95.59452634930327,93.51562772248946,94.80094954488581,97.40275792344721,96.50977958080512,94.97122231635234,98.07220619119971,105.40208171460446,100.99198349848895,99.83012255067273,99.3830993725108
2025-09-03,103.4429993152808,103.54484053848856,88.14729082491112,92.90756176268584,87.84520831602374,96.082065472117,94.47408992568822,95.40959402879255,97.84844259026664,97.15870194437903,94.13712455342026,96.93909765005834,100.3683208260915,100.72088344005863,99.14941414423778,100.37231170503831
2025-09-04,102.50956301138689,102.75170086845185,88.43497754125839,92.19909628514867,86.51088709254573,96.88401312579586,95.39677727630803,95.79840210919767,98.57636856376466,97.57050314924439,95.57678032599335,95.72706794760111,93.92264782595052,100.94782779148916,99.35751503543415,99.98851443495299
2025-09-05,100.22953562261874,100.14567846287828,87.68699756594938,93.42469169158048,86.85557309593854,96.57736040309248,95.36470179068243,95.28668406250814,97.8574818285796,97.47840250823054,96.56100498920738,96.91258579968944,93.18600031941355,100.35633248150529,99.32739744172119,100.25541463456882
2025-09-08,101.02524588307472,100.77694974380151,88.89527765921247,94.06852224062702,87.59991094468809,96.7807502878598,95.79672948495028,96.08687177382117,98.72898265721693,97.61814034239646,97.96402776391936,97.2767762086428,92.75628488316818,100.03183974330148,99.80673951501431,100.23446430407013
2025-09-09,101.59143219557869,101.37585352154976,89.67203796644321,94.20297475961539,86.4411028984116,97.04091181529711,96.15177429707306,96.19455031784767,98.36121687262927,97.84150171289204,97.54985042548815,96.77984657507791,92.32657530127678,100.38098007806691,100.28363358153345,99.57229157952398
2025-09-10,103.27467397033818,103.05924154579589,87.14039074719187,94.21073297107304,86.98033119864094,97.33043045899396,96.1806482423887,96.06286544258874,98.00664546009521,97.66048451408719,98.39917832659273,96.9051386507094,94.22958575059609,100.37584842652596,99.71796117806619,99.5912108002253
2025-09-11,101.56083289407401,100.95500188450248,84.4073635123967,94.03748939479638,88.17297058351396,98.15636582328194,96.87064455332161,96.51616866652354,98.29984562827687,98.42478854275882,99.59966744462832,98.50881391802638,90.30079319471159,100.15095673571179,99.72380185812855,99.5506710858942
2025-09-12,102.50956301138689,101.47296838037015,84.60874352794056,94.36069560035553,89.63205797629871,98.10897972707413,97.301444847417,96.58676162815418,98.27703694092088,98.27341019655098,100.48768884012283,98.38905755647002,90.60773111935715,100.15917521275983,99.99061428108237,99.47769547601739
2025-09-15,103.19816987924308,102.46034394269532,87.54315077827958,95.20878994626698,89.90695171895305,98.57074133739526,98.21398683437359,97.47706931688165,98.48732882651167,98.20672019372458,,98.1324722443206,96.31675075860718,100.06880330356141,99.92026202001799,99.77635109784578
2025-09-16,104.77429658673607,104.43508889269796,89.26927107636315,95.38202720992243,89.80968460383696,98.443789089164,98.14899470775946,96.2570857608686,96.74715395612876,97.34607697169702,100.78880191157961,98.16707045729032,100.42970958189142,98.83653315963542,100.23762933805085,99.59999509234385
2025-09-17,103.97857465161336,103.67433524977932,89.18296437555973,95.19844987273756,88.22583910834982,98.3482820593897,97.82981058039549,96.21032415721066,96.8713138881174,97.48052178440159,100.53764930489368,98.53504650030854,96.50091702600692,99.11584386053127,101.15508336224892,98.92970823881026
2025-09-18,103.19816987924308,102.89737933133011,84.55120344107415,94.2133148331448,88.19412122009004,98.81928370382475,98.75000021458045,97.76858351622413,98.17907946049354,97.6890585596324,101.68925643080966,97.39917010212959,96.3781395144071,99.57897737074858,100.77107134527824,99.25269593739893
2025-09-19,102.03519795273044,101.45678462878264,83.08400324540082,94.93212669683257,89.94713147516413,99.30205729723328,99.4564763040526,97.79993872436444,98.03343918799777,97.56838387307334,101.11099342412263,97.10514424848307,94.84345574553325,99.88601465913062,100.47046423959831,99.96622377819209
2025-09-22,101.86687260778781,101.39203727313726,80.72496942775632,96.72139498828378,92.61788737245689,99.73998398491095,100.14862700270079,97.50663104910991,97.56748103238145,97.67424430230017,102.11625268807116,97.32087574251955,98.83363705721764,99.58308269198135,100.00938571891763,100.06622242755563
2025-09-23,103.4889041048712,102.63839608339626,82.07709630868922,97.75307298400129,93.44893315124318,99.19119871471852,99.2015461465557,98.05024672104486,97.91699014747323,97.63824762119003,,97.1494734027867,102.14854790945702,99.49887659921457,100.5558295878491,99.81622064904577
2025-09-24,106.05967739393421,105.19585488491197,82.22094309635904,96.49903290643181,92.5713672652356,98.90883927855559,98.86926402854023,97.9099531614081,98.14706954130644,97.92513558715426,102.42297732454257,97.95804760329335,99.32473539490896,100.14068559804737,100.66988029348451,99.74054376624049
2025-09-25,106.22800273887682,105.17967730797216,83.54430336335491,96.62313903926956,94.51680636680948,98.41339883523186,98.3719695446826,97.55752202169703,97.5997420415217,97.5397994895956,102.70270507245145,97.94940270451904,102.76242375874816,100.85642955198253,100.07516701297668,100.50947863267339
2025-09-26,107.31445889962762,106.37747251417329,81.55926296286108,97.61603229031998,97.73947933295636,98.99421864889165,98.80866650953656,98.5395681904913,98.44839368442351,98.28928926093499,101.80498619116602,97.30892927436408,93.86125907015061,100.45491503316927,99.37721082437491,101.25948396820293
2025-09-29,104.00918562778479,102.70314343904165,93.98733871165214,98.79508474062702,98.56629014446482,99.25512228930504,99.27924143579384,98.66767486258912,98.47157495687125,98.44807990477523,101.10637265105589,98.18402513313485,98.95641456881746,100.20846257130059,99.76466630315628,100.9513738911249
2025-09-30,102.55546780097728,100.95500188450248,95.02301226230077,99.3096328074499,97.8071420101494,99.66115994586359,99.58185136922069,99.08174033303361,99.03416224606605,98.9837398794225,100.85694735422601,98.6986479514848,99.93861124420009,100.07188229448599,99.96245712432949,100.4040671272509
2025-10-01,100.0,100.0,100.0,100.0,100.0,100.0,100.0,100.0,100.0,100.0,100.0,,100.0,100.0,100.0,100.0
2025-10-02,98.10252809070748,97.8957603387066,99.02185967722542,99.28118813631221,97.27214867719789,100.06183547238912,100.39063941712396,101.15745686165512,101.28119053572308,99.80203892975933,100.86615382807813,,102.08715915365711,100.16328053399262,99.98474312790663,99.38241889917767
2025-10-03,98.74521849430656,98.54322154586504,95.62715230893231,100.34389266523918,100.64918418397019,100.0683908036778,100.11140158628169,101.26316695650988,101.0997172970118,100.4753071244689,102.73540997480232,,102.20993666525693,100.03491873422605,99.90855018677986,99.4276909962346
2025-10-06,100.18363083302833,99.85432153712173,96.57652601776987,102.09437621202326,101.674772259593,100.43329939500332,100.81963723544163,100.85125365715983,101.09759518192398,100.34615533322568,107.61805899824095,,100.49109833769133,100.4374595833475,99.80088867724747,101.0871901822957
2025-10-07,100.15301985685691,99.91906889276711,100.63290666056857,102.82094628716871,99.76527794695241,100.05050733607779,100.14589753938023,100.5807012543308,101.1286574390299,100.39379252637775,107.63178979638613,,105.83179129649587,100.92728551616032,99.78218834334342,101.57705881073262
2025-10-08,101.37720206104565,101.24635881025901,95.88607241134255,104.54557333750809,102.88855421443776,100.63356803990064,101.26661689544663,101.22769112810334,102.00513956835044,101.08506939957496,107.14719608509166,,100.06137704709195,101.29286280502183,99.30771181048486,102.7392454025005
2025-10-09,99.80107535355269,99.5629646113652,94.04487879851854,102.0374931823691,99.06956558915655,100.35626515783942,101.18421800275041,100.79463231031718,102.06369212548698,100.666920704129,109.04492215619474,100.0,100.8594191637828,101.9552140791835,99.11480684515514,103.16425255004805
2025-10-10,95.99082020954859,95.3383015371909,89.35557777716656,102.80284168956044,99.25565408464611,97.63543889216211,97.57975569071644,99.10610535944843,100.5301642865364,99.79991965358829,107.94137282378686,99.06090210170335,132.96500079853388,101.38734003545305,98.55650893512315,103.35682650332284
2025-10-13,96.89365137460445,96.29330342169337,89.70080458038022,106.23400381787332,106.00549819751726,99.15842205827508,99.73390307589916,99.76671690148953,101.13757518220423,99.96294884977061,,98.8695910503639,116.82013270181247,101.69335099352692,98.86296687856992,102.7426271487621
2025-10-14,95.47054452396839,95.01457093361168,87.11162413325486,107.0122868859082,106.39458279119029,99.0033058950399,98.97403078731627,99.47752984650121,100.51141353681015,100.06774447194564,105.1547134778744,98.2525823454535,127.74707364262119,101.46743297240457,98.55993208152492,102.99804178333089
2025-10-15,94.73603870385516,94.31855229704304,86.7663973300412,107.99999747495153,107.99957892325351,99.40189331936803,99.62610644117295,100.42678602642552,100.28096155788519,99.77133527011054,107.00731905903173,99.44679474397601,126.70348821143867,101.19120126243328,98.86181905796636,102.52303015600057
2025-10-16,93.4353524085713,93.00744613113865,84.52243682713714,110.67098113283775,112.12306572911213,98.77621932435997,99.1535058754702,101.26853863558303,100.65759648759173,99.89095548755034,108.36546684976736,99.54895721606705,155.37138148235053,100.73012824741485,99.23716655303582,102.01153072373185
2025-10-17,93.7873027492089,93.13694084242941,86.53624384156797,108.33613192873304,105.44300581037511,99.29684067954848,99.6695718570702,100.46907706329779,98.82792829810501,99.02819298935172,106.8041277970802,97.605040329725,127.56291908392943,100.8328161203116,99.69113468059709,101.43448933724062
2025-10-20,93.35883664280948,93.10456716460672,97.72727288315892,112.12410865788623,108.09684603836962,100.35656345815333,101.03439793274912,101.7867131955559,100.60207320924468,99.54690909256317,110.40305241078971,98.21862334610458,111.90913761619137,101.00020197553698,99.33202935495326,101.96152624394908
2025-10-21,93.83320753879929,93.59015998265171,99.9424599131336,105.69359925460569,100.33833758577826,100.3598447616064,100.8723725267672,101.89242329041063,100.89746028992141,99.79462663212695,110.6961076256083,99.55160095395496,109.69920095093441,101.365771429816,99.22098532983692,101.87639490589416
2025-10-22,95.77659007501556,94.69084033003244,99.25201316569866,104.57401169602456,100.36159360608674,99.82417015399136,99.9351366216557,101.03920118407905,100.15556237548266,100.726198409323,110.67754562070834,99.48617154420792,114.18047474595616,101.32674737435718,98.84575972722094,102.63249357081578
2025-10-23,100.97934109348432,100.0161899262352,96.20253260061918,106.6709760827408,102.52061219073647,100.40588486859289,100.8202123110469,101.56095394721301,100.39052587388821,101.39946660403258,109.1822213695761,99.70609826550316,106.20011212258736,101.38425320994597,98.91460864802579,102.67370344827799
2025-10-24,100.90283700238922,99.54678085977771,95.05177887623778,106.4873924329347,102.29857890631364,101.19933460113393,101.97629452522874,101.6715020526988,100.52365214710663,102.10873147985231,110.65927296212948,100.41535852840364,100.49109833769133,101.40274282465845,98.9962054879233,103.11155710753881
2025-10-27,100.41316645564706,99.23924018243368,99.02185967722542,103.47511059712346,98.46056116139744,102.44307957095393,103.87736572800021,102.32655819374403,100.80933581604599,102.1955390994048,113.3812677893187,101.60075226134231,96.93062660789832,101.21379619837852,99.11250104624357,103.42169829441421
2025-10-28,98.54629384785925,97.36161009125142,96.23129921455622,102.55203493657079,99.6510870959337,102.67746358589862,104.71246992225835,102.20633406699622,100.68430921873524,102.6496844759609,112.72327671907225,101.3790692540793,100.79803040798289,101.10083718781735,99.28341458142538,103.17236667903546
2025-10-29,99.34200410831522,97.8957603387066,97.12312597753503,103.0045236243536,100.91139722460412,102.67298908118991,105.28807768704935,102.2324925693231,100.04392454244729,103.27848922280872,115.1664819818785,102.09353631530831,103.86739794573062,101.68514035106138,99.33550328987731,102.52303015600057
2025-10-30,99.46442466366744,98.04143880158486,113.80897610265333,103.45960048682934,102.40642940632212,101.65603238173593,103.62986005406398,102.11370322330491,100.02186102527479,103.32083339449945,115.20679756928047,101.34543296451947,103.8060091899307,102.01990422692961,98.87100162279486,103.19263653620104
2025-10-31,99.57153973093395,98.70508376033081,118.64211705268275,102.9657388796865,101.48868376410346,101.9221599154515,104.2618938939159,101.4482536706328,99.35588947279453,102.86775282499514,117.64385641478164,100.52918820056338,107.05954299507813,102.3094860654899,98.60783581574086,103.98859444212063
2025-11-03,99.29609931872481,98.81838854538638,122.72726430941847,103.43374399038461,101.26453702934388,102.09753867318057,104.74424499525435,101.75660904622251,100.07792698190767,102.69944094528401,,101.08158047615706,105.40208171460446,102.38856050671572,98.22929880147213,104.18793188791862
2025-11-04,98.60750412553536,98.02525504999736,124.94245819838552,102.07368975234326,99.66166241422174,100.89923720971923,102.60811378463093,101.41528870850311,99.31777239797303,102.84340699385947,115.59195259490164,100.66635227286056,116.63596643441274,102.76132210773459,98.15348169541026,104.19400459690667
2025-11-05,97.19969692565164,96.47134938774663,121.74913084563626,102.91661406148998,101.21166850450803,101.26787819277739,103.27240335768622,101.57528425718341,99.73509199976381,103.50079612418503,112.707766002649,100.89670500272783,110.55862011471724,102.75002463976197,97.86713600678696,103.756841721181
2025-11-06,96.98546679111861,96.1961823882253,125.34521822947322,102.90626767533936,101.06575976522956,100.13588670641384,101.31324093556388,100.53698418539187,98.4257874889652,103.06359461906476,114.21483069996032,101.87566376594009,119.70533397216043,102.26327769787373,97.96278095194756,104.10549151259015
2025-11-07,97.36802227059425,96.71414888409298,124.13693813621012,103.41046935601163,101.53731732166149,100.26224235401729,101.09592243929562,99.73697144733856,97.74543091207292,102.50041506799154,112.8516500368522,101.61627956696566,117.12706477210403,102.1462133660798,98.40967931720724,103.34534093827581
2025-11-10,98.02601232494567,97.32923641342872,124.79861141071571,106.31673703135101,106.1048787629701,101.80638301556588,103.39267999136872,101.49161204438933,99.36289569245466,103.60772136046366,114.27786435760119,102.15113380671134,108.04173967046076,102.13696855872357,98.36423374746973,103.93251725334981
2025-11-11,99.70926577437189,98.80220479379888,131.32911290388404,106.18745454912735,107.03742662415027,102.0176669452258,103.13397321795657,102.58886935604066,99.89400764107226,104.79758638221364,114.12336219022188,101.74851610902105,106.0773463196955,101.98704598790246,98.4779187757447,104.1548155190398
2025-11-12,95.96021507071055,94.67465657844495,130.40851266797586,108.71105112718165,112.77648488036016,102.08188882012621,102.86221136998289,103.69274940557209,101.11074905559805,104.9225099590473,114.61803041433166,101.68196342096951,107.48925257696953,102.04660448410763,98.73581273418588,104.10684214905439
2025-11-13,96.41928047861464,94.99838100737648,133.65937324859917,108.25856243939884,112.23091622912061,100.39173379272552,100.50625536343833,102.89507256053594,99.70141354733974,103.82473524037866,115.10852503696181,102.42831048579055,122.77470150990814,101.71389326885576,98.7758645628571,104.537932315792
2025-11-14,98.53098835977353,97.26448905778334,131.35787951782106,105.69101739253392,106.9782177483042,100.34136469337855,100.639106411475,102.01676803742468,99.01686943800317,102.66768281651596,113.07647212832106,101.4367163931422,121.73111607872559,101.86689483060145,99.11480684515514,104.48387592661652
2025-11-17,98.2402424594787,96.9731321320268,125.46029840320601,105.19198574862638,107.0522288431118,99.42201040151369,99.79305861428065,101.07019769703696,97.83068810067704,102.42420382929427,112.9583574528335,100.96754600740037,137.38488583775572,102.16366881590157,98.97319828732977,104.45145034127283
2025-11-18,99.29609931872481,98.31661197575389,125.7479782605609,105.01099027351326,106.68217336907378,98.60113886694481,98.58357161777008,99.16684732655732,96.13044463251892,101.12105574275255,109.31997652261487,100.14847753278933,151.56537229241982,102.12361843013456,98.76212118872772,104.91631672981838
2025-11-19,97.18439143756592,96.2123661398128,130.89758625885932,105.43503429015837,107.4011417471781,98.97127135157253,99.16093894224885,99.29835722855654,96.05741795453538,100.64574861828363,108.94898193058529,100.32460881212451,145.2424709495247,102.84450187019318,98.6820581622031,105.10213750077197
2025-11-20,96.98546679111861,95.72677332176781,128.7111589838293,104.88687782805431,106.25290901918964,97.43055750582522,97.02436998750798,99.79771341444744,96.53818231771092,100.86064322202756,111.8361145944706,99.9257519246691,162.18538116293698,102.78185654848096,98.3369907841179,106.07783315845512
2025-11-21,95.73068528542517,93.97863794187631,131.76063954890878,105.40917779371364,105.46204299661443,98.38762132273926,97.88144721981844,98.81530855047077,95.76276794436625,100.98767573709976,109.14691235033563,97.48140524474155,143.83056469225068,102.80547781473437,98.28481065632585,106.33256731969081
2025-11-24,96.9701613030329,95.24118050372282,130.8688059269376,105.80219527714931,106.3544030349792,99.90940401197916,100.5135081826392,99.05862636542571,96.37366980035029,100.9368647986574,,97.52903596842633,125.96684655925567,102.76337476835099,98.05521606249995,105.87242300366908
2025-11-25,95.60826473007295,93.80058580117534,127.27271854310065,107.02521513413058,107.70563992775548,100.81475274032492,101.1884323627831,99.86920748836559,97.30862349004829,101.7265794655165,109.2224229720637,98.37444252659672,113.93491972275653,102.26738301910652,98.16139454718173,106.04201551664782
2025-11-26,96.60291131164297,94.9336398263788,131.1277328883402,107.6974840416936,111.89680554401582,101.51105115355641,102.01945094527838,101.33250885933359,98.39344548306589,102.5956894542957,111.24157804924113,98.22602084742473,105.52485922620427,102.19858755012761,98.54282650722051,105.5629519799248
2025-11-27,,,,,,,,101.28932545883676,98.56654365688865,102.6200456233639,112.6063808053613,98.50756652057223,,,98.8606712373628,105.56903499911488
2025-11-28,96.71002637890949,94.77177143726533,139.5281877492772,109.07045390271493,119.36138306771349,102.05461980606405,102.68303669445855,101.55808438575376,98.85197623587487,102.90163022993424,112.80123363242392,98.84656074214315,100.3683208260915,102.08151538375117,98.84117860251115,105.5994397848632
2025-12-01,96.66411575198572,96.01813024752434,141.57076823663743,109.6134403280543,123.53139804739774,101.51134945387032,102.28853482923945,101.54572252495512,97.82620897990009,102.71108145732595,110.66742726754136,99.49247679701101,105.83179129649587,102.03428068582683,98.85493213434499,105.35889246160299
2025-12-02,95.56235994048254,94.91744990014361,139.2405078919223,108.25081054056238,122.61154702144668,101.76078672124156,102.89389202758097,101.88059509805414,98.32974153205207,102.70366915969356,110.66780429456577,99.07828498861424,101.84161583916544,101.96650371257361,98.90772172440442,105.10822051996205
2025-12-03,95.89900479303442,95.41923264442377,143.6996485658087,108.57918047026503,122.48044050112972,102.06401262814364,103.07152172386725,102.03092337413536,98.25862637758276,102.60098247575704,111.92755679999804,98.57721598140795,98.71085954561782,101.45305651350738,99.08023001918588,105.27714286980967
2025-12-04,96.80183595809028,96.5846541728022,145.65592921135786,108.90238667582418,120.20934451579804,102.17427461003055,103.29586987566866,102.45233772148772,99.0395890289242,102.80000835304949,114.53972277816659,98.52111412575839,96.86923785209841,101.6142843868836,99.41199080443332,104.80415204207469
2025-12-05,97.55164726628922,97.24830530619583,152.15765037260448,108.93083134696187,123.53985991534906,102.37214957679916,103.61663331514264,102.55715545271794,99.64551768390092,102.33527693357073,113.33536694111311,99.20782814512185,94.59790657668759,101.62968717608898,99.20713022095852,104.82780364550186
2025-12-08,95.62357021815866,95.3059278593682,141.31185499321955,108.2663269634777,122.18016115462147,102.01617544365624,103.47499305188504,102.58689215820591,99.71962161878017,102.10343845839095,113.53754110690575,99.74849736702944,102.27132542105683,101.72518290224588,99.18518957933289,104.96158882687531
2025-12-09,94.78194349344555,94.28617861922034,131.58802614730195,108.77052864414998,127.23408237132354,101.92677265689105,103.60942341203172,102.45663331501362,100.2033342639861,102.07062586050367,113.70175829621662,99.37846715208426,103.92878670153051,101.86586850029325,99.19557075328723,105.30213479949906
2025-12-10,95.19510411175925,94.62609297438706,132.19216619393347,108.5041991556238,127.67815700677352,102.61473321256777,103.95070932571784,102.27388249390788,100.06851515850298,102.21353743995986,113.58436260249655,99.14905772775445,96.80785495065248,101.42430359571297,99.08369379640547,105.97377228949686
2025-12-11,93.77199726112319,93.2340557012498,121.72036423169924,110.80801551389787,135.18502773701903,102.82810524442509,103.68575396960958,103.09520697499404,100.75057266733587,102.71849375495835,112.56534623619183,98.4582043347496,91.16021821284839,100.98890450756437,99.70512183963342,105.26564699456064
2025-12-12,93.52716198775211,92.97507245331596,118.32565686340612,111.18552288703943,129.75681607900108,101.73158239294766,101.93367026469443,102.49945802032805,100.30219890811509,102.14472816096243,114.10904393136425,98.86562544353202,96.62368868325275,101.0402445267215,100.0305239018912,105.11497370228322
2025-12-15,92.67024144962002,91.9715131394033,115.42002308599646,111.35617828862314,133.09367182956234,101.56916150983031,101.32827015026295,103.06940716784958,100.48226280321846,103.22767828436635,112.6086429675078,98.321009232665,101.28912874567422,100.80816852374998,100.01525687209339,105.33186942211627
2025-12-16,90.16067260089977,89.46261176729779,111.79516222923014,111.29928894634777,132.58616948419711,101.32702896234125,101.56580212489578,102.44785840603909,99.84759649812132,102.52370643000796,110.84701488415011,97.22519849599861,101.1663512340744,100.42410945475851,100.15986195273337,104.74199183411379
2025-12-17,91.32364452741241,90.54710218844333,115.76524988921012,112.41111829347123,140.0655492268563,100.15243146040996,99.72823815202631,101.79996741997903,99.36538229295832,103.47115727158804,111.13655410276424,98.38092775216683,108.16451718206056,100.63770367760003,100.11631587372918,104.58185377638472
2025-12-18,91.53787466194542,90.88702271825774,112.42807574879106,112.20426632191338,136.58701970429442,100.9470671185892,101.10392199846154,102.87572051801183,100.35615084933607,104.14337099717837,109.9900412257131,98.53580983307899,103.56046587543901,100.72601509159959,100.05518680831112,105.06631985896469
2025-12-19,92.53252124351545,91.71252989146946,114.61449616482872,112.77052106900452,141.35123689277626,101.83722435777763,102.42784045720398,103.20970072748632,100.72482379762539,104.77430535812977,111.12517314746894,98.8936391356119,91.52853903893988,100.89442727713316,99.91323288853422,105.12780990379447
2025-12-22,94.98087397722624,93.89770065999573,114.06788934607121,114.92178662330316,143.5948338239173,102.49269928170739,102.96051496561304,102.91119634641836,100.7064537326668,104.44189947518451,113.1345167539411,99.57783353623711,86.43338939462701,100.5884163190593,99.76349816714381,106.53999827407219
2025-12-23,95.45524487321603,94.496604437744,126.8124252841389,115.90949721234647,149.04842301918478,102.95908090908547,103.5450406938948,103.01135104027728,100.93906022538319,104.68749773857726,113.15804148665087,99.64430554684137,85.9422910569357,100.23824181940316,100.25649219522622,106.0001251658525
2025-12-24,95.24101473868302,94.44804083368611,122.03682442097588,115.8526204953135,150.2029960981835,103.29076175568797,103.77123423756392,,,104.49165594450763,113.00367960839695,100.17730420529954,82.68876310614225,100.30807145327275,100.50839310803816,105.52646417498639
2025-12-25,,,,,,,,,,,113.14663422714457,100.65199168724408,,,,
2025-12-26,92.79265616763888,91.84202460276022,125.60414519087581,117.10666057288299,161.73820803611258,103.25932381284841,103.68241509781177,,,,113.91564660397731,100.75514090657495,83.48679936847913,100.32552690309451,100.42191041229715,105.4683558764182
2025-12-29,94.78194349344555,94.011011619699,134.83888672792523,111.83193529815772,147.7183367629846,102.89873693826594,103.16055544406908,103.0548931359565,100.98492059037241,104.44719249664587,113.41404283623227,100.79583957575082,87.17003690116398,100.36044563732057,100.31433016440042,105.72038876472543
2025-12-30,94.7513383546075,93.80058580117534,114.26926936161506,112.99547763817066,163.6159844604934,102.75718252588774,102.91766754141103,103.85239500773294,101.56256517707958,105.2326789490954,112.99330698119022,100.791669172322,87.96807316350088,100.58944264936748,100.3155186158218,105.41633059704007
2025-12-31,93.1140013694384,92.94269877549327,106.04142790228488,111.84486354638008,148.306198620772,102.00112946684712,102.13942716633126,,,105.13423081750095,,100.88633484777314,91.77408820778554,100.6839120452162,100.09750380507609,105.68660223271549
2026-01-02,92.9609815125815,92.7808365610275,104.08515411572807,111.55526573610213,149.19855865913675,102.1943916921762,102.11148020855848,,101.76547825791846,105.34276759273178,,,89.07304735048331,100.79789738608555,100.12455377204323,105.90147715295319
2026-01-05,94.50650308123642,94.39948340427591,101.35212688093289,114.72268655058177,161.05730596388258,102.84374782186202,102.81544999837777,106.13630346942229,103.13130230720078,105.90912088909528,116.34525258969342,102.27365802530528,91.46715028313997,100.61716923685368,99.73430492453637,106.07580204865776
2026-01-06,92.88447158415303,92.47329588368348,96.37513914323365,115.89399341467357,170.28969596161588,103.48104097787791,103.48057214357802,106.28143503969005,103.22879810610137,107.15933876102359,117.88344393669523,103.8051890368782,90.54634236355726,100.96117792007817,99.82193544088094,105.83053265287374
2026-01-07,91.75210479647845,90.62803947032391,101.4096669677993,115.04330458144796,163.11059556546493,103.1250741203524,103.6436532853726,106.13415129832784,104.18286703094148,106.37067856328375,116.63521267568365,103.85869680229973,94.41374616364185,101.06899744451587,99.59442317646858,105.86701014761013
2026-01-08,94.85845925920738,93.49303894918364,98.01495959950618,115.0536572802198,157.99535202258005,103.13296816524498,103.1854725258917,105.78924400878435,104.20443646788362,106.33362741305436,114.73913500180359,103.78770064869012,94.84345574553325,101.34215799814508,99.49672637500782,105.90147715295319
2026-01-09,96.92425651344251,95.69439964394512,91.16800477605355,116.10342093568195,166.80905298871724,103.80080436315866,104.02629314333065,107.45824394386926,104.76088420274039,107.17944603981718,116.58562923793721,104.73958281940247,88.9502698388835,101.54958640455496,99.33550328987731,106.00215627564984
2026-01-12,97.73527226198419,96.30948717328087,98.07249282738022,119.05106153038139,178.91731649886788,103.96456395987992,104.30117928265241,107.79561863458218,105.35680975797115,107.34988753363189,,105.8799399188844,92.81767363896807,101.27848634612464,99.04452568802196,106.85960422639924
2026-01-13,100.18363083302833,98.98025693449983,98.36017954372748,118.66063853425986,181.5965261975076,103.76296387699608,104.19557136851343,108.03804408591257,105.42034361579091,107.31495565957354,120.19783747820476,105.20557575491283,98.0969836963267,101.56909451499313,99.41315894044578,106.74946033825093
2026-01-14,101.790356842026,100.38847795922462,89.75833780825427,119.61990445216549,192.1526782336395,103.20955858974669,103.14913118092548,107.59404943939444,104.86289962079746,107.8124996769396,121.97573910010489,104.88363550450617,102.82381251454807,101.56704185437673,99.20481426434247,107.55556348295532
2026-01-15,97.56694691704158,95.8077044290007,89.98849129672749,119.36133948771817,194.28208431376186,103.47583163581054,103.40520290641496,108.24068936664754,105.13722754411428,108.3894390162258,121.45783548960642,104.54068188206087,97.23756453254389,101.78782822395813,99.23716655303582,107.03054737584223
2026-01-16,98.13312739221219,96.2123661398128,89.26927107636315,118.63994576195861,186.2782865564392,103.40936887074706,103.34091460367591,108.0312376261098,104.90806341365864,108.35132305894462,121.06653404668015,104.26899747535442,97.36033618978972,101.86894749121782,98.91919993044004,107.16163128428721
2026-01-19,,,,,,,,106.17446513736539,103.50607431144859,107.92894614908913,120.27507540978893,104.57624201844051,,,99.05489670427184,106.44473200743447
2026-01-20,99.34200410831522,97.66915076859544,112.39930913485404,123.06658300339366,199.20913397742478,101.2763688382978,100.8752307383576,105.56994127372484,102.44467658115597,107.20273740183357,118.94520464588483,104.56731785157945,123.32718860339938,101.08646072892016,99.17594606827765,106.87852344710056
2026-01-21,99.83167465505738,98.12236990881775,140.24740796964156,124.93341447155785,194.98836392324142,102.44993320255654,102.0639720969883,105.40509896575057,101.85522266697542,107.32235761927338,118.45933079632141,104.6509741584551,103.7446204341308,101.21379619837852,99.93197385325612,106.86838851851779
2026-01-22,98.02601232494567,96.08287760316972,145.13808900653737,126.92436469780219,202.95198999095732,103.01212743564025,102.99210979103125,106.71825578256002,103.0806307347224,107.44939013434558,120.5114801221708,104.79424489291588,96.00981868831559,100.81638700079803,99.46421156304318,107.06703518078062
2026-01-23,100.8110157485417,98.85076222320906,151.75489034151676,128.66710265837105,213.4172152629834,103.04579899302544,103.27872918934425,106.5754601053094,103.264096493707,107.37847191710964,120.86608719074358,105.13964366260964,98.77224830141775,100.02362126625344,100.15986195273337,107.09745027673098
2026-01-26,100.36724999138993,98.13855983505293,195.62715916792465,131.34325004040076,243.349544519186,103.56165481880875,103.71871352668806,106.7474588196059,103.39833242252479,107.43669515318439,118.70760747593734,105.04917321441727,99.14056912750924,99.46191303895463,101.04473006103561,104.8440215932747
2026-01-27,103.39709452569039,100.98737556232516,200.05753322787405,131.34841376454426,223.14020000338797,103.98438274171164,104.66680720255587,107.40663558091734,103.23808843436748,108.06020687857085,119.71384876376345,105.23470651933972,100.3683208260915,98.6342364047665,101.19833486782387,104.28319815455632
2026-01-28,104.66718151946954,102.31466547981705,214.61449616482872,137.08080407643828,239.18586989051195,103.97588482057382,104.84412790299453,106.3067011783924,102.94095182369468,107.49491838925913,119.77035020900448,105.52281188954711,100.3683208260915,98.86323341681343,102.4011289679041,103.01087798484214
2026-01-29,108.20199041393114,105.89187352148062,112.71576246513833,137.5151881666128,241.14400582731497,103.84148234011212,104.08680483015442,105.56761412937068,100.81216260293778,107.67910933335429,119.80826334513456,105.69429490672727,103.62184292253099,98.72254781876605,102.06137406924954,103.44533958763935
2026-01-30,108.17139111242646,105.55195916631388,125.25891838766215,121.88493606577246,165.55296976072032,103.39476670660011,103.10549410066845,106.56846992358393,101.76328324574749,108.22640982004347,119.68985932332592,104.67660476286136,107.05954299507813,99.46396569957102,101.9587914119453,103.48994152156519
2026-02-02,101.45371782680748,100.58271385151305,93.12427856261036,119.52165481577246,162.355674331823,103.95219541027862,103.67806340629127,107.63812520351577,102.83615821680128,109.47661735403923,118.19118566932556,102.07866684117819,100.3069320702916,100.11398534086938,100.96570312036555,104.86834335983295
2026-02-03,103.02984453430047,102.31466547981705,95.25316575077399,126.79250666612798,175.60160331827836,103.07858292508631,102.1974325535022,107.4202572491859,102.76677639297618,109.19079419512683,122.82741684405933,103.40028134087656,110.49723135891733,99.9178544024321,100.53566654450334,105.03118269049052
2026-02-04,106.28921301655292,105.43865438125832,99.68353981072336,127.22430258160958,177.9763148363407,102.55572795535215,100.65664192582693,106.9744778754187,102.02964108797114,110.11919222703257,121.86828639814509,104.27634532901473,114.42601806044786,100.1109063499448,100.68415186824564,105.27173001375073
2026-02-05,103.36649522418571,102.44416019110783,100.9493668498452,125.69876929137041,161.82913480021844,101.29931613561693,99.0570476717077,106.17232171493391,101.56526236915681,109.13363576610386,120.80137006359833,103.6081871225265,133.64026540362494,100.32860589401909,100.56058339353467,106.02715851554123
2026-02-06,104.131606183137,102.86500565350742,98.44648624453089,128.02069024725276,162.2647475677171,103.29448687180319,101.21313486415598,107.47490139819382,102.52074063760486,109.7751458320454,121.77922033967856,103.34550135417095,125.04603863967294,100.12836179976657,100.35804892438036,105.93728448455846
2026-02-09,105.64652261295386,104.1761118194118,90.27617801307474,130.59857536764704,173.5356330146756,103.7790502670952,102.12483569574964,108.56086418593078,103.73751445083428,109.94876107115041,126.51596867273686,104.80730222746088,106.56844465738682,99.28836920188012,100.76630738188825,106.24810614476698
2026-02-10,105.27927262156393,103.52865061225336,89.6144978795768,129.38073186005172,169.62994452596197,103.43619407214706,101.52629357249154,108.34675815668471,103.6254635343276,109.60576914528248,129.40389923102268,104.94159914740074,109.20810261324311,99.2750190732911,101.43325209878489,105.4967398625712
2026-02-11,106.19740343737212,104.61314103339892,90.88031805970628,131.13380989414998,177.1072027516801,103.43113024242794,101.36808769851481,108.14214442677799,103.07930238787355,110.85809595544931,,105.03341008240955,108.34867174075235,99.32225377121546,101.31024229781902,104.38184616745562
2026-02-12,103.32057875992857,101.7157678767165,92.54890512991582,127.30963659502264,159.75046766138655,101.81129405731934,99.30560908145662,107.70585735235012,103.06494976216516,110.12025703408437,129.37988348637415,105.08509329633094,127.8084623984211,99.4413707636258,101.19473904044636,103.56223665810886
2026-02-13,103.67253493789951,101.79669898394937,93.29689196421718,129.8513251454428,164.6246488002136,101.86210696932847,99.08376722930805,107.23893246014677,103.32285964241711,110.5860429226824,127.81342388061114,103.76467034046937,126.45794489694697,99.42288898349582,101.12987193978837,103.25952912688776
2026-02-16,,,,,,,,107.12515609801932,102.85021925417699,110.87503982688511,127.5091455357633,,,,101.12148167590746,103.2311554509368
2026-02-17,103.16755890307165,100.89026070350478,87.19792397506592,126.25468396493214,155.31189929005816,101.96715960914801,99.22312435658051,107.89506468673923,103.66921798358082,111.74838836800643,126.97061065576574,,124.55494030198162,99.6703677756727,100.97168600829032,103.79196857945314
2026-02-18,107.65110958951287,105.5195916631389,86.62255054237139,128.93341952165483,163.90146158804012,102.53471597226476,99.99327934031447,109.35568021817066,104.82960185314106,113.12457394795513,128.266548987472,,120.44198733305139,100.24646029645119,100.98844622064323,103.48115722944664
2026-02-19,109.65570824073862,107.52671029096422,86.19102389734667,128.65933813429217,164.0198793397323,102.24535011653357,99.68169994408892,108.57180001466276,103.85653918829745,112.49787813934581,128.99378150915678,,124.18660776718218,100.48675477647073,100.45152012078728,104.52441564094764
2026-02-20,109.80872809759555,107.46196293531884,87.65822409302001,130.81576741273432,173.99660718621516,102.95490470469069,100.57529876894338,109.85628746286848,104.75693966057335,113.13198624558751,127.55244226707929,,117.18845352790397,100.3573588118135,100.28363358153345,104.83996968388199
2026-02-23,109.39556164194848,107.33246822402806,85.87456370807004,134.57531209599225,182.9625733758497,101.88565086727542,99.4379708860679,109.54470383063708,103.64255385049279,113.10869488357109,,,128.97482534120346,100.26699473719756,100.84263237317292,104.28522926435369
2026-02-24,108.29379999311195,106.23178787664733,83.86075669363919,133.31091931965094,184.93761691534664,102.66524054864558,100.47690075791532,109.59272524176494,103.61882989975922,113.06528590482858,128.66440894700912,104.66290200873812,120.01226604245203,100.39946185819689,100.49416216409487,104.48522656308074
2026-02-25,108.41622054846415,105.89187352148062,85.4142704491083,134.61926056480286,192.30070042325474,103.50056145939573,101.74430730941695,110.60898743149579,104.40547852358783,114.39701837484806,131.49719711095588,105.42093489150031,110.06752177702592,100.25056561768398,100.33559023982745,105.32646687625933
2026-02-26,108.26320069160727,105.55195916631388,81.32910947438788,133.84615384615384,183.96701081489644,102.94522085791462,100.54150663971994,110.39828463215109,104.87442545961407,114.82363383704566,131.87938852880373,105.40570547183617,114.36462930464792,100.36865627978611,100.67583270829591,105.54268212275923
2026-02-27,110.91048974643208,108.48170600081902,82.24970971029606,135.24240465416938,195.98646101127792,102.4985052244026,99.61789230155729,109.98350177134179,104.85468654942709,115.50007577704552,132.09684544119088,105.81877400192843,121.91528234612532,100.18895446086242,100.57244759233963,105.31226972808183
2026-03-02,118.95944862883958,115.29622007827479,85.15535034669806,136.89463225193924,186.6863922031429,102.53933598932173,99.97231053876688,107.26939530466257,102.17462528671841,114.11859717563549,130.31678687398826,106.31979336147488,131.61448329705976,100.98171236082452,100.20109207512151,105.83525472539756
2026-03-03,124.56006645220303,120.68630468082753,87.85960410856386,132.05946741677442,175.34995752932815,101.57095131171378,98.95201483317399,103.41359706702823,98.66063759190804,110.98512847052149,126.32542096820892,104.7967769235691,144.68998385603348,101.6687033969653,99.67130684149836,106.25689043688553
2026-03-04,124.56006645220303,120.84817924458866,83.9182967805056,132.3904381464124,174.73673426749988,102.35874061390786,100.2299272434944,105.19080921458178,100.38044987705908,111.87012786161725,121.76094768109967,103.77486672861454,129.83424450498626,101.38528737483668,98.94676794033445,106.60554022829467
2026-03-05,130.69625961189905,131.12658422935704,86.39240391289053,130.9709063914027,172.73629705754473,101.78075101542154,99.97288561437216,103.61355650822664,98.76472652699746,110.24199652769522,124.07856787249261,104.43813464060587,145.79495804301592,101.97985384116262,99.14594020931372,106.07175013926506
2026-03-06,141.83627330628312,147.13500052114026,91.65707836693703,133.0601188792825,177.23831733860135,100.42942876653984,98.3850675353341,102.48494398843498,97.83280211608893,108.8753321836174,124.84798358056078,104.83536556720061,181.0312959713146,101.6409768094791,98.9111651862151,106.44405153410135
2026-03-09,151.4307595946789,153.3991559009626,89.75833780825427,131.64835164835165,177.69506460946744,101.26341096368607,99.73979116343975,101.86322025336479,97.07945125991674,108.50164693603321,118.35625336145897,104.13401790009141,156.53774442513287,101.83814191280705,98.18854609119343,107.04744579694821
2026-03-10,134.35348906171288,135.07607412936233,86.88147064478163,135.22172450711054,188.3759747483018,101.0472014410379,99.74484667883539,104.58610162901853,99.39872865867018,110.22399818714015,121.76734837244447,104.80853100704259,153.0386673054938,101.46640664209636,98.98929824889301,106.65622518141058
2026-03-11,140.74981714553232,141.22693707342447,92.31875850043497,133.61085720345832,179.8794687979711,100.9625641836779,99.82848155492204,103.82480172467643,98.0360067852605,109.60576914528248,123.5113789386391,105.07022382220082,148.7415480691638,101.89359508777945,98.93872303840506,106.8359526229721
2026-03-12,153.72609247153278,154.953067737861,93.00920524786991,132.27665946186167,179.04418805190699,99.42513891700106,98.05239917250913,103.00436960721477,97.82708374489812,109.09129159441314,122.22653221590707,104.96015496027597,167.5260858304495,102.43682153494827,98.35855559067865,107.48528914600699
2026-03-13,157.82708767849834,159.7766284151359,90.0747979975309,130.63994828700712,171.10171262076713,98.82271051962606,97.14438054143282,102.42599549723815,97.2367064676641,108.6255057058151,120.80489482787313,104.10465751523765,166.91220998115836,103.06117508395931,98.17496524033535,107.57380223032351
2026-03-16,153.34353699205712,151.34347984372707,86.96777734558505,129.1273432449903,169.7250981907413,99.82387185367743,98.32574033259283,102.82734041170158,97.72075119958225,109.22361713094666,120.65122562717569,103.83363094002445,144.321663029942,102.52000129740686,97.43739400435399,107.81840146297642
