date,brent_usd,brent_usd_indexed_d0,brent_usd_delta_vs_d0_pct,wti_usd,wti_usd_indexed_d0,wti_usd_delta_vs_d0_pct,natgas_usd,natgas_usd_indexed_d0,natgas_usd_delta_vs_d0_pct,gold_usd,gold_usd_indexed_d0,gold_usd_delta_vs_d0_pct,silver_usd,silver_usd_indexed_d0,silver_usd_delta_vs_d0_pct
2025-07-03,68.80000305175781,105.27927262156393,5.279272621563927,67.0,108.44933849764399,8.449338497644002,3.4089999198913574,98.07249282738022,-1.9275071726197806,3331.60009765625,86.14350608031674,-13.856493919683258,36.784000396728516,77.78388598984091,-22.21611401015908
2025-07-04,68.29000091552734,104.49885617452692,4.498856174526928,66.5,107.6400150760198,7.640015076019792,3.38700008392334,97.43958616681165,-2.5604138331883455,3332.5,86.16677440206853,-13.83322559793148,36.775001525878906,77.76485687020592,-22.235143129794082
2025-07-07,69.58000183105469,106.47284384958127,6.472843849581259,67.93000030517578,109.95468055583683,9.954680555836845,3.4119999408721924,98.15879952818364,-1.841200471816366,3332.199951171875,86.15901619061086,-13.84098380938914,36.6150016784668,77.42651928442767,-22.573480715572337
2025-07-08,70.1500015258789,107.34506987579906,7.345069875799058,68.33000183105469,110.60214176299527,10.602141762995288,3.3399999141693115,96.0874524268864,-3.9125475731136006,3307.0,85.50743374272786,-14.492566257272141,36.47200012207031,77.12412648758267,-22.87587351241733
2025-07-09,70.19000244140625,107.40628015347518,7.406280153475168,68.37999725341797,110.68306669558048,10.683066695580482,3.2139999866485596,92.46259842911242,-7.5374015708875834,3311.60009765625,85.62637615142211,-14.373623848577893,36.35100173950195,76.86826186456332,-23.131738135436674
2025-07-10,68.63999938964844,105.03443151085949,5.034431510859482,66.56999969482422,107.75331986107537,7.753319861075367,3.3369998931884766,96.00114572608298,-3.998854273917015,3317.39990234375,85.77633878070459,-14.22366121929541,37.03799819946289,78.32099277312918,-21.679007226870826
2025-07-11,70.36000061035156,107.6664150775986,7.666415077598591,68.44999694824219,110.79637148063605,10.796371480636058,3.313999891281128,95.33946559258504,-4.660534407414954,3356.0,86.77440206851972,-13.225597931480285,38.67599868774414,81.78472814333388,-18.21527185666612
2025-07-14,69.20999908447266,105.90665753707728,5.906657537077282,66.9800033569336,108.41697099446901,8.416970994468997,3.4660000801086426,99.71231328365275,-0.28768671634726284,3351.5,86.65804783451843,-13.341952165481578,38.46200180053711,81.33220777314128,-18.667792226858726
2025-07-15,68.70999908447266,105.141546578126,5.141546578125994,66.5199966430664,107.6723825791948,7.672382579194796,3.5230000019073486,101.35212688093289,1.3521268809328997,3329.800048828125,86.09696312419199,-13.903036875808015,37.83399963378906,80.00422690067349,-19.99577309932652
2025-07-16,68.5199966430664,104.85080067783115,4.850800677831151,66.37999725341797,107.44577300908364,7.445773009083648,3.5510001182556152,102.15765380210064,2.157653802100649,3352.5,86.68390433096316,-13.316095669036846,37.85300064086914,80.04440665688456,-19.955593343115435
2025-07-17,69.5199966430664,106.38102259573373,6.381022595733726,67.54000091552734,109.3234092749136,9.323409274913592,3.5420000553131104,101.8987336996904,1.8987336996904056,3340.10009765625,86.36328630009696,-13.636713699903039,38.055999755859375,80.47367100676868,-19.526328993231314
2025-07-18,69.27999877929688,106.01377260434379,6.013772604343793,67.33999633789062,108.9996724966867,8.999672496686683,3.565000057220459,102.56041383318835,2.5604138331883455,3353.0,86.69683257918552,-13.30316742081448,38.222999572753906,80.82681081150847,-19.173189188491538
2025-07-21,69.20999908447266,105.90665753707728,5.906657537077282,67.19999694824219,108.77306292657553,8.773062926575536,3.325000047683716,95.65592578186168,-4.344074218138317,3401.89990234375,87.96121273028442,-12.038787269715579,39.10100173950195,82.68344466591755,-17.31655533408245
2025-07-22,68.58999633789062,104.95791574509765,4.957915745097662,66.20999908447266,107.17060600956229,7.170606009562307,3.252000093460083,93.55581206662742,-6.444187933372571,3439.199951171875,88.92566131019716,-11.074338689802845,39.31999969482422,83.14654035439818,-16.853459645601802
2025-07-23,68.51000213623047,104.83550686441217,4.835506864412172,65.25,105.61670652195927,5.61670652195927,3.0769999027252197,88.5212842420618,-11.478715757938202,3394.10009765625,87.75953710811247,-12.240462891887525,39.27799987792969,83.05772704062908,-16.942272959370932
2025-07-24,69.18000030517578,105.86075274748687,5.860752747486882,66.02999877929688,106.87924908380577,6.879249083805776,3.0940001010894775,89.01035783294526,-10.989642167054738,3371.0,87.1622495151907,-12.837750484809307,39.020999908447266,82.51427183972625,-17.485728160273748
2025-07-25,68.44000244140625,104.72839179714566,4.728391797145661,65.16000366210938,105.4710342337287,5.471034233728692,3.109999895095825,89.470651091907,-10.529348908093,3334.0,86.20555914673562,-13.794440853264383,38.16699981689453,80.70839305981629,-19.29160694018371
2025-07-28,70.04000091552734,107.17674453085644,7.1767445308564355,66.70999908447266,107.9799294311865,7.979929431186515,2.98799991607666,85.96087040887345,-14.039129591126548,3309.10009765625,85.56173491031028,-14.438265089689722,38.0260009765625,80.41023523024911,-19.58976476975088
2025-07-29,72.51000213623047,110.95639453602249,10.956394536022476,69.20999908447266,112.02654653930757,12.02654653930756,3.0810000896453857,88.63636441579459,-11.363635584205415,3323.39990234375,85.93147775937298,-14.06852224062702,38.08399963378906,80.53287988261476,-19.467120117385225
2025-07-30,73.23999786376953,112.073449998278,12.073449998277987,70.0,113.30527902738925,13.305279027389256,3.0450000762939453,87.60069086514596,-12.39930913485403,3295.800048828125,85.21784224507111,-14.782157754928896,37.566001892089844,79.43751567946218,-20.562484320537816
2025-07-31,72.52999877929688,110.98699383752717,10.986993837527166,69.26000213623047,112.10748382118814,12.107483821188131,3.1059999465942383,89.35557777716656,-10.644422222833434,3293.199951171875,85.15061282926632,-14.849387170733678,36.551998138427734,77.29329124716962,-22.70670875283037
2025-08-01,69.66999816894531,106.61055821835245,6.61055821835246,67.33000183105469,108.98349491974686,8.98349491974687,3.0829999446868896,88.69389764366863,-11.306102356331376,3347.699951171875,86.5597918855042,-13.4402081144958,36.7869987487793,77.79022634085115,-22.20977365914886
2025-08-04,68.76000213623047,105.21806234388782,5.218062343887816,66.29000091552734,107.30010072085308,7.30010072085307,2.931999921798706,84.34982342553032,-15.650176574469693,3374.39990234375,87.2501590780543,-12.749840921945701,37.19200134277344,78.64664965688698,-21.353350343113014
2025-08-05,67.63999938964844,103.5042095929569,3.504209592956907,65.16000366210938,105.4710342337287,5.471034233728692,3.009999990463257,86.59378392843438,-13.40621607156563,3381.89990234375,87.44408280138978,-12.555917198610214,37.6870002746582,79.69338030248153,-20.30661969751847
2025-08-06,66.88999938964844,102.35654315452997,2.3565431545299753,64.3499984741211,104.15992189317662,4.1599218931766195,3.0769999027252197,88.5212842420618,-11.478715757938202,3380.0,87.39495798319328,-12.605042016806722,37.76599884033203,79.86043161173174,-20.139568388268252
2025-08-07,66.43000030517578,101.6526424732548,1.6526424732547977,63.880001068115234,103.39916207561029,3.3991620756102896,3.066999912261963,88.23359752571453,-11.766402474285465,3400.300048828125,87.91984612354557,-12.080153876454428,38.15800094604492,80.6893639401813,-19.310636059818712
2025-08-08,66.58999633789062,101.8974719092925,1.8974719092925092,63.880001068115234,103.39916207561029,3.3991620756102896,2.990000009536743,86.01841049573984,-13.981589504260155,3439.10009765625,88.9230794481254,-11.076920551874595,38.41699981689453,81.2370460417576,-18.762953958242417
2025-08-11,66.62999725341797,101.95868218696862,1.9586821869686202,63.959999084472656,103.52865061225336,3.528650612253366,2.9539999961853027,84.98273694509123,-15.017263054908772,3353.10009765625,86.69942075387847,-13.300579246121524,37.6619987487793,79.64051177764566,-20.359488222354337
2025-08-12,66.12000274658203,101.17827741459836,1.1782774145983534,63.16999816894531,102.24991812417169,2.249918124171671,2.808000087738037,80.78250951462273,-19.21749048537728,3348.89990234375,86.59081841871364,-13.409181581286362,37.89899826049805,80.14167377200066,-19.858326227999346
2025-08-13,65.62999725341797,100.42846026906605,0.4284602690660441,62.650001525878906,101.40822719937246,1.4082271993724582,2.828000068664551,81.35788294731725,-18.642117052682757,3358.699951171875,86.84421334639624,-13.155786653603748,38.499000549316406,81.41044576862237,-18.58955423137764
2025-08-14,66.83999633789062,102.28002738876816,2.2800273887681537,63.959999084472656,103.52865061225336,3.528650612253366,2.8410000801086426,81.73187636446792,-18.268123635532078,3335.199951171875,86.23658567994505,-13.763414320054945,37.981998443603516,80.31718694920217,-19.68281305079783
2025-08-15,65.8499984741211,100.76511095895128,0.765110958951288,62.79999923706055,101.65102052107112,1.6510205210711089,2.9159998893737793,83.88952330757621,-16.110476692423784,3336.0,86.25727213962509,-13.74272786037492,37.89400100708008,80.13110652031695,-19.86889347968305
2025-08-18,66.5999984741211,101.91277739737824,1.91277739737822,63.41999816894531,102.65457983498378,2.6545798349837755,2.890000104904175,83.14154333226722,-16.85845666773278,3331.699951171875,86.14608794238849,-13.853912057611506,37.95100021362305,80.25163772234588,-19.748362277654135
2025-08-19,65.79000091552734,100.67330137977049,0.6733013797704878,62.349998474121094,100.92262820667979,0.9226282066797833,2.7660000324249268,79.57422256236727,-20.425777437632725,3313.39990234375,85.67291279492567,-14.327087205074337,37.26100158691406,78.79255839616546,-21.20744160383454
2025-08-20,66.83999633789062,102.28002738876816,2.2800273887681537,63.209999084472656,102.31466547981705,2.3146654798170525,2.752000093460083,79.17146253127957,-20.828537468720423,3343.39990234375,86.44860768826761,-13.551392311732386,37.70500183105469,79.73144660835587,-20.26855339164413
2025-08-21,67.66999816894531,103.5501143825473,3.550114382547307,63.52000045776367,102.81644822409723,2.8164482240972295,2.8259999752044678,81.30034286045085,-18.69965713954915,3336.89990234375,86.28054046137686,-13.719459538623141,38.027000427246094,80.41234868058586,-19.58765131941414
2025-08-22,67.7300033569336,103.64193563639483,3.641935636394839,63.65999984741211,103.04305779420837,3.043057794208378,2.697999954223633,77.61794877581048,-22.382051224189524,3374.39990234375,87.2501590780543,-12.749840921945701,39.00299835205078,82.47620553385191,-17.52379446614809
2025-08-25,68.80000305175781,105.27927262156393,5.279272621563927,64.80000305175781,104.88832038221562,4.888320382215632,2.696000099182129,77.56041554793643,-22.439584452063567,3373.800048828125,87.23464896776018,-12.765351032239819,38.676998138427734,81.78684159367063,-18.21315840632938
2025-08-26,67.22000122070312,102.86151918935784,2.861519189357841,63.25,102.37941283546243,2.379412835462434,2.7170000076293945,78.16455559456797,-21.83544440543202,3388.60009765625,87.61732637766644,-12.382673622333549,38.582000732421875,81.58595894582388,-18.414041054176124
2025-08-27,68.05000305175781,104.131606183137,4.131606183136995,64.1500015258789,103.83619746424509,3.836197464245085,2.867000102996826,82.47986319876928,-17.520136801230723,3404.60009765625,88.03103032078215,-11.96896967921784,38.68899917602539,81.81221913092018,-18.187780869079816
2025-08-28,68.62000274658203,105.00383220935478,5.003832209354794,64.5999984741211,104.56458360398872,4.564583603988724,2.944000005722046,84.69505022874397,-15.304949771256036,3431.800048828125,88.73432576155463,-11.265674238445378,39.189998626708984,82.8716385451395,-17.128361454860492
2025-08-29,68.12000274658203,104.2387212504035,4.238721250403506,64.01000213623047,103.60958789413392,3.6095878941339365,2.996999979019165,86.21979051128369,-13.780209488716306,3473.699951171875,89.8177104375404,-10.1822895624596,40.20000076293945,85.00740110948077,-14.99259889051924
2025-09-02,69.13999938964844,105.79954246981077,5.799542469810771,65.58999633789062,106.16704052100194,6.167040521001953,3.009000062942505,86.56501731449735,-13.434982685502646,3549.39990234375,91.77504595588235,-8.224954044117647,41.07099914550781,86.84922467832399,-13.150775321676015
2025-09-03,67.5999984741211,103.4429993152808,3.442999315280796,63.970001220703125,103.54484053848856,3.544840538488555,3.063999891281128,88.14729082491112,-11.852709175088881,3593.199951171875,92.90756176268584,-7.092438237314156,41.54199981689453,87.84520831602374,-12.154791683976256
2025-09-04,66.98999786376953,102.50956301138689,2.509563011386886,63.47999954223633,102.75170086845185,2.751700868451848,3.0739998817443848,88.43497754125839,-11.565022458741618,3565.800048828125,92.19909628514867,-7.800903714851325,40.9109992980957,86.51088709254573,-13.489112907454267
2025-09-05,65.5,100.22953562261874,0.2295356226187328,61.869998931884766,100.14567846287828,0.1456784628782651,3.0480000972747803,87.68699756594938,-12.313002434050617,3613.199951171875,93.42469169158048,-6.575308308419521,41.07400131225586,86.85557309593854,-13.144426904061454
2025-09-08,66.0199966430664,101.02524588307472,1.0252458830747102,62.2599983215332,100.77694974380151,0.7769497438015182,3.0899999141693115,88.89527765921247,-11.104722340787527,3638.10009765625,94.06852224062702,-5.93147775937298,41.42599868774414,87.59991094468809,-12.4000890553119
2025-09-09,66.38999938964844,101.59143219557869,1.5914321955786868,62.630001068115234,101.37585352154976,1.3758535215497674,3.117000102996826,89.67203796644321,-10.327962033556796,3643.300048828125,94.20297475961539,-5.797025240384615,40.87799835205078,86.4411028984116,-13.558897101588396
2025-09-10,67.48999786376953,103.27467397033818,3.2746739703381746,63.66999816894531,103.05924154579589,3.05924154579588,3.0290000438690186,87.14039074719187,-12.859609252808124,3643.60009765625,94.21073297107304,-5.789267028926956,41.132999420166016,86.98033119864094,-13.01966880135906
2025-09-11,66.37000274658203,101.56083289407401,1.5608328940739975,62.369998931884766,100.95500188450248,0.955001884502474,2.934000015258789,84.4073635123967,-15.592636487603299,3636.89990234375,94.03748939479638,-5.96251060520362,41.696998596191406,88.17297058351396,-11.827029416486042
2025-09-12,66.98999786376953,102.50956301138689,2.509563011386886,62.689998626708984,101.47296838037015,1.4729683803701528,2.940999984741211,84.60874352794056,-15.391256472059448,3649.39990234375,94.36069560035553,-5.639304399644473,42.387001037597656,89.63205797629871,-10.367942023701298
2025-09-15,67.44000244140625,103.19816987924308,3.1981698792430846,63.29999923706055,102.46034394269532,2.4603439426953178,3.0429999828338623,87.54315077827958,-12.456849221720425,3682.199951171875,95.20878994626698,-4.791210053733032,42.516998291015625,89.90695171895305,-10.093048281046949
2025-09-16,68.47000122070312,104.77429658673607,4.774296586736061,64.5199966430664,104.43508889269796,4.43508889269796,3.1029999256134033,89.26927107636315,-10.73072892363685,3688.89990234375,95.38202720992243,-4.61797279007757,42.47100067138672,89.80968460383696,-10.19031539616304
2025-09-17,67.94999694824219,103.97857465161336,3.9785746516133513,64.05000305175781,103.67433524977932,3.6743352497793182,3.0999999046325684,89.18296437555973,-10.817035624440264,3681.800048828125,95.19844987273756,-4.801550127262443,41.72200012207031,88.22583910834982,-11.774160891650178
2025-09-18,67.44000244140625,103.19816987924308,3.1981698792430846,63.56999969482422,102.89737933133011,2.897379331330113,2.938999891281128,84.55120344107415,-15.448796558925842,3643.699951171875,94.2133148331448,-5.786685166855204,41.707000732421875,88.19412122009004,-11.80587877990996
2025-09-19,66.68000030517578,102.03519795273044,2.035197952730442,62.68000030517578,101.45678462878264,1.456784628782651,2.888000011444092,83.08400324540082,-16.915996754599178,3671.5,94.93212669683257,-5.067873303167421,42.5359992980957,89.94713147516413,-10.052868524835864
2025-09-22,66.56999969482422,101.86687260778781,1.86687260778782,62.63999938964844,101.39203727313726,1.3920372731372694,2.805999994277954,80.72496942775632,-19.275030572243672,3740.699951171875,96.72139498828378,-3.278605011716225,43.79899978637695,92.61788737245689,-7.382112627543099
2025-09-23,67.62999725341797,103.4889041048712,3.488904104871196,63.40999984741211,102.63839608339626,2.6383960833962736,2.8529999256134033,82.07709630868922,-17.922903691310772,3780.60009765625,97.75307298400129,-2.246927015998707,44.19200134277344,93.44893315124318,-6.551066848756815
2025-09-24,69.30999755859375,106.05967739393421,6.0596773939341935,64.98999786376953,105.19585488491197,5.195854884911977,2.8580000400543213,82.22094309635904,-17.779056903640967,3732.10009765625,96.49903290643181,-3.500967093568196,43.777000427246094,92.5713672652356,-7.428632734764403
2025-09-25,69.41999816894531,106.22800273887682,6.228002738876815,64.9800033569336,105.17967730797216,5.179677307972161,2.9040000438690186,83.54430336335491,-16.455696636645087,3736.89990234375,96.62313903926956,-3.376860960730446,44.696998596191406,94.51680636680948,-5.4831936331905275
2025-09-26,70.12999725341797,107.31445889962762,7.3144588996276365,65.72000122070312,106.37747251417329,6.377472514173286,2.8350000381469727,81.55926296286108,-18.440737037138906,3775.300048828125,97.61603229031998,-2.383967709680026,46.22100067138672,97.73947933295636,-2.2605206670436457
2025-09-29,67.97000122070312,104.00918562778479,4.009185627784772,63.45000076293945,102.70314343904165,2.7031434390416553,3.2669999599456787,93.98733871165214,-6.0126612883478545,3820.89990234375,98.79508474062702,-1.20491525937298,46.61199951171875,98.56629014446482,-1.4337098555351828
2025-09-30,67.0199966430664,102.55546780097728,2.5554678009772864,62.369998931884766,100.95500188450248,0.955001884502474,3.302999973297119,95.02301226230077,-4.976987737699237,3840.800048828125,99.3096328074499,-0.6903671925500969,46.25299835205078,97.8071420101494,-2.1928579898505984
2025-10-01,65.3499984741211,100.0,0.0,61.779998779296875,100.0,0.0,3.4760000705718994,100.0,0.0,3867.5,100.0,0.0,47.290000915527344,100.0,0.0
2025-10-02,64.11000061035156,98.10252809070748,-1.8974719092925092,60.47999954223633,97.8957603387066,-2.104239661293406,3.441999912261963,99.02185967722542,-0.9781403227745776,3839.699951171875,99.28118813631221,-0.7188118636877827,46.0,97.27214867719789,-2.7278513228021124
2025-10-03,64.52999877929688,98.74521849430656,-1.254781505693443,60.880001068115234,98.54322154586504,-1.456778454134964,3.3239998817443848,95.62715230893231,-4.372847691067692,3880.800048828125,100.34389266523918,0.3438926652391726,47.59700012207031,100.64918418397019,0.6491841839702052
2025-10-06,65.47000122070312,100.18363083302833,0.18363083302833266,61.689998626708984,99.85432153712173,-0.1456784628782651,3.3570001125335693,96.57652601776987,-3.4234739822301337,3948.5,102.09437621202326,2.0943762120232705,48.082000732421875,101.674772259593,1.6747722595930075
2025-10-07,65.44999694824219,100.15301985685691,0.1530198568569112,61.72999954223633,99.91906889276711,-0.0809311072328835,3.497999906539917,100.63290666056857,0.6329066605685653,3976.60009765625,102.82094628716871,2.820946287168714,47.17900085449219,99.76527794695241,-0.23472205304760344
2025-10-08,66.25,101.37720206104565,1.3772020610456648,62.54999923706055,101.24635881025901,1.2463588102590042,3.3329999446868896,95.88607241134255,-4.113927588657449,4043.300048828125,104.54557333750809,4.54557333750808,48.65599822998047,102.88855421443776,2.88855421443777
2025-10-09,65.22000122070312,99.80107535355269,-0.19892464644731137,61.5099983215332,99.5629646113652,-0.4370353886347953,3.2690000534057617,94.04487879851854,-5.95512120148146,3946.300048828125,102.0374931823691,2.037493182369101,46.849998474121094,99.06956558915655,-0.9304344108434522
2025-10-10,62.72999954223633,95.99082020954859,-4.009179790451407,58.900001525878906,95.3383015371909,-4.66169846280911,3.1059999465942383,89.35557777716656,-10.644422222833434,3975.89990234375,102.80284168956044,2.8028416895604398,46.9379997253418,99.25565408464611,-0.744345915353894
2025-10-13,63.31999969482422,96.89365137460445,-3.1063486253955523,59.4900016784668,96.29330342169337,-3.706696578306635,3.118000030517578,89.70080458038022,-10.299195419619778,4108.60009765625,106.23400381787332,6.234003817873303,50.130001068115234,106.00549819751726,6.0054981975172606
2025-10-14,62.38999938964844,95.47054452396839,-4.529455476031617,58.70000076293945,95.01457093361168,-4.985429066388329,3.0280001163482666,87.11162413325486,-12.888375866745141,4138.7001953125,107.0122868859082,7.012286885908209,50.31399917602539,106.39458279119029,6.3945827911903
2025-10-15,61.90999984741211,94.73603870385516,-5.26396129614485,58.27000045776367,94.31855229704304,-5.681447702956965,3.0160000324249268,86.7663973300412,-13.233602669958799,4176.89990234375,107.99999747495153,7.999997474951519,51.073001861572266,107.99957892325351,7.9995789232535195
2025-10-16,61.060001373291016,93.4353524085713,-6.5646475914286935,57.459999084472656,93.00744613113865,-6.992553868861351,2.937999963760376,84.52243682713714,-15.477563172862862,4280.2001953125,110.67098113283775,10.67098113283775,53.02299880981445,112.12306572911213,12.123065729112133
2025-10-17,61.290000915527344,93.7873027492089,-6.212697250791105,57.540000915527344,93.13694084242941,-6.8630591575705875,3.007999897003174,86.53624384156797,-13.463756158432021,4189.89990234375,108.33613192873304,8.336131928733032,49.86399841308594,105.44300581037511,5.443005810375105
2025-10-20,61.0099983215332,93.35883664280948,-6.641163357190514,57.52000045776367,93.10456716460672,-6.895432835393278,3.3970000743865967,97.72727288315892,-2.2727271168410828,4336.39990234375,112.12410865788623,12.124108657886232,51.11899948120117,108.09684603836962,8.09684603836961
2025-10-21,61.31999969482422,93.83320753879929,-6.166792461200704,57.81999969482422,93.59015998265171,-6.409840017348289,3.4739999771118164,99.9424599131336,-0.05754008686639458,4087.699951171875,105.69359925460569,5.693599254605688,47.45000076293945,100.33833758577826,0.33833758577825385
2025-10-22,62.59000015258789,95.77659007501556,-4.223409924984429,58.5,94.69084033003244,-5.309159669967551,3.450000047683716,99.25201316569866,-0.7479868343013544,4044.39990234375,104.57401169602456,4.574011696024564,47.46099853515625,100.36159360608674,0.36159360608673696
2025-10-23,65.98999786376953,100.97934109348432,0.9793410934843101,61.790000915527344,100.0161899262352,0.016189926235188872,3.3440001010894775,96.20253260061918,-3.7974673993808112,4125.5,106.6709760827408,6.670976082740789,48.481998443603516,102.52061219073647,2.520612190736473
2025-10-24,65.94000244140625,100.90283700238922,0.9028370023892205,61.5,99.54678085977771,-0.45321914022229715,3.303999900817871,95.05177887623778,-4.948221123762218,4118.39990234375,106.4873924329347,6.487392432934712,48.37699890136719,102.29857890631364,2.298578906313651
2025-10-27,65.62000274658203,100.41316645564706,0.41316645564706544,61.310001373291016,99.23924018243368,-0.7607598175663293,3.441999912261963,99.02185967722542,-0.9781403227745776,4001.89990234375,103.47511059712346,3.4751105971234644,46.5620002746582,98.46056116139744,-1.5394388386025737
2025-10-28,64.4000015258789,98.54629384785925,-1.4537061521407544,60.150001525878906,97.36161009125142,-2.6383899087485863,3.3450000286102295,96.23129921455622,-3.7687007854437917,3966.199951171875,102.55203493657079,2.552034936570782,47.125,99.6510870959337,-0.3489129040662946
2025-10-29,64.91999816894531,99.34200410831522,-0.657995891684777,60.47999954223633,97.8957603387066,-2.104239661293406,3.375999927520752,97.12312597753503,-2.8768740224649836,3983.699951171875,103.0045236243536,3.0045236243535873,47.72100067138672,100.91139722460412,0.9113972246041112
2025-10-30,65.0,99.46442466366744,-0.5355753363325553,60.56999969482422,98.04143880158486,-1.958561198415141,3.9560000896453857,113.80897610265333,13.808976102653325,4001.300048828125,103.45960048682934,3.459600486829347,48.428001403808594,102.40642940632212,2.4064294063221205
2025-10-31,65.06999969482422,99.57153973093395,-0.4284602690660441,60.97999954223633,98.70508376033081,-1.294916239669197,4.124000072479248,118.64211705268275,18.642117052682757,3982.199951171875,102.9657388796865,2.96573887968649,47.99399948120117,101.48868376410346,1.4886837641034494
2025-11-03,64.88999938964844,99.29609931872481,-0.7039006812751771,61.04999923706055,98.81838854538638,-1.1816114546136227,4.265999794006348,122.72726430941847,22.727264309418473,4000.300048828125,103.43374399038461,3.4337439903846154,47.88800048828125,101.26453702934388,1.2645370293438867
2025-11-04,64.44000244140625,98.60750412553536,-1.3924958744646436,60.560001373291016,98.02525504999736,-1.9747449500026426,4.3429999351501465,124.94245819838552,24.942458198385516,3947.699951171875,102.07368975234326,2.073689752343245,47.130001068115234,99.66166241422174,-0.33833758577825385
2025-11-05,63.52000045776367,97.19969692565164,-2.800303074348364,59.599998474121094,96.47134938774663,-3.528650612253366,4.23199987411499,121.74913084563626,21.749130845636248,3980.300048828125,102.91661406148998,2.9166140614899803,47.862998962402344,101.21166850450803,1.2116685045080218
2025-11-06,63.380001068115234,96.98546679111861,-3.014533208881386,59.43000030517578,96.1961823882253,-3.803817611774708,4.35699987411499,125.34521822947322,25.345218229473215,3979.89990234375,102.90626767533936,2.906267675339367,47.79399871826172,101.06575976522956,1.0657597652295472
2025-11-07,63.630001068115234,97.36802227059425,-2.631977729405742,59.75,96.71414888409298,-3.2858511159070285,4.315000057220459,124.13693813621012,24.136938136210123,3999.39990234375,103.41046935601163,3.4104693560116353,48.016998291015625,101.53731732166149,1.5373173216614946
2025-11-10,64.05999755859375,98.02601232494567,-1.9739876750543313,60.130001068115234,97.32923641342872,-2.6707635865712773,4.3379998207092285,124.79861141071571,24.798611410715708,4111.7998046875,106.31673703135101,6.3167370313510025,50.176998138427734,106.1048787629701,6.104878762970092
2025-11-11,65.16000366210938,99.70926577437189,-0.2907342256281117,61.040000915527344,98.80220479379888,-1.1977952062011246,4.565000057220459,131.32911290388404,31.32911290388405,4106.7998046875,106.18745454912735,6.187454549127343,50.61800003051758,107.03742662415027,7.037426624150283
2025-11-12,62.709999084472656,95.96021507071055,-4.039784929289462,58.4900016784668,94.67465657844495,-5.325343421555053,4.5329999923706055,130.40851266797586,30.408512667975867,4204.39990234375,108.71105112718165,8.711051127181642,53.332000732421875,112.77648488036016,12.776484880360158
2025-11-13,63.0099983215332,96.41928047861464,-3.580719521385363,58.689998626708984,94.99838100737648,-5.001618992623519,4.645999908447266,133.65937324859917,33.659373248599174,4186.89990234375,108.25856243939884,8.258562439398837,53.07400131225586,112.23091622912061,12.230916229120602
2025-11-14,64.38999938964844,98.53098835977353,-1.4690116402264652,60.09000015258789,97.26448905778334,-2.735510942216659,4.565999984741211,131.35787951782106,31.35787951782107,4087.60009765625,105.69101739253392,5.6910173925339365,50.59000015258789,106.9782177483042,6.978217748304198
2025-11-17,64.19999694824219,98.2402424594787,-1.759757540521309,59.90999984741211,96.9731321320268,-3.026867867973189,4.361000061035156,125.46029840320601,25.460298403206004,4068.300048828125,105.19198574862638,5.191985748626374,50.625,107.0522288431118,7.052228843111806
2025-11-18,64.88999938964844,99.29609931872481,-0.7039006812751771,60.7400016784668,98.31661197575389,-1.6833880242461126,4.370999813079834,125.7479782605609,25.74797826056091,4061.300048828125,105.01099027351326,5.010990273513252,50.45000076293945,106.68217336907378,6.682173369073769
2025-11-19,63.5099983215332,97.18439143756592,-2.8156085624340745,59.439998626708984,96.2123661398128,-3.7876338601872055,4.550000190734863,130.89758625885932,30.897586258859334,4077.699951171875,105.43503429015837,5.435034290158371,50.790000915527344,107.4011417471781,7.4011417471781
2025-11-20,63.380001068115234,96.98546679111861,-3.014533208881386,59.13999938964844,95.72677332176781,-4.273226678232193,4.473999977111816,128.7111589838293,28.71115898382931,4056.5,104.88687782805431,4.886877828054299,50.24700164794922,106.25290901918964,6.252909019189645
2025-11-21,62.560001373291016,95.73068528542517,-4.269314714574829,58.060001373291016,93.97863794187631,-6.021362058123687,4.579999923706055,131.76063954890878,31.760639548908763,4076.699951171875,105.40917779371364,5.409177793713639,49.87300109863281,105.46204299661443,5.462042996614446
2025-11-24,63.369998931884766,96.9701613030329,-3.0298386969670967,58.84000015258789,95.24118050372282,-4.758819496277181,4.548999786376953,130.8688059269376,30.868805926937604,4091.89990234375,105.80219527714931,5.8021952771493215,50.29499816894531,106.3544030349792,6.354403034979217
2025-11-25,62.47999954223633,95.60826473007295,-4.391735269927051,57.95000076293945,93.80058580117534,-6.199414198824643,4.423999786376953,127.27271854310065,27.272718543100638,4139.2001953125,107.02521513413058,7.025215134130574,50.933998107910156,107.70563992775548,7.705639927755492
2025-11-26,63.130001068115234,96.60291131164297,-3.3970886883570297,58.650001525878906,94.9336398263788,-5.066360173621214,4.558000087738037,131.1277328883402,31.127732888340198,4165.2001953125,107.6974840416936,7.6974840416936,52.91600036621094,111.89680554401582,11.89680554401583
2025-11-28,63.20000076293945,96.71002637890949,-3.289973621090519,58.54999923706055,94.77177143726533,-5.228228562734667,4.849999904632568,139.5281877492772,39.528187749277215,4218.2998046875,109.07045390271493,9.070453902714933,56.44599914550781,119.36138306771349,19.361383067713497
2025-12-01,63.16999816894531,96.66411575198572,-3.3358842480142847,59.31999969482422,96.01813024752434,-3.981869752475663,4.921000003814697,141.57076823663743,41.57076823663743,4239.2998046875,109.6134403280543,9.613440328054299,58.417999267578125,123.53139804739774,23.531398047397754
2025-12-02,62.45000076293945,95.56235994048254,-4.437640059517451,58.63999938964844,94.91744990014361,-5.082550099856403,4.840000152587891,139.2405078919223,39.24050789192231,4186.60009765625,108.25081054056238,8.250810540562378,57.983001708984375,122.61154702144668,22.611547021446682
2025-12-03,62.66999816894531,95.89900479303442,-4.100995206965574,58.95000076293945,95.41923264442377,-4.580767355576225,4.994999885559082,143.6996485658087,43.69964856580871,4199.2998046875,108.57918047026503,8.579180470265028,57.92100143432617,122.48044050112972,22.480440501129728
2025-12-04,63.2599983215332,96.80183595809028,-3.1981640419097186,59.66999816894531,96.5846541728022,-3.415345827197792,5.063000202178955,145.65592921135786,45.65592921135786,4211.7998046875,108.90238667582418,8.902386675824175,56.84700012207031,120.20934451579804,20.20934451579804
2025-12-05,63.75,97.55164726628922,-2.448352733710775,60.08000183105469,97.24830530619583,-2.751694693804161,5.289000034332275,152.15765037260448,52.15765037260447,4212.89990234375,108.93083134696187,8.930831346961861,58.422000885009766,123.53985991534906,23.539859915349055
2025-12-08,62.4900016784668,95.62357021815866,-4.37642978184134,58.880001068115234,95.3059278593682,-4.6940721406318,4.9120001792907715,141.31185499321955,41.31185499321954,4187.2001953125,108.2663269634777,8.266326963477699,57.77899932861328,122.18016115462147,22.180161154621477
2025-12-09,61.939998626708984,94.78194349344555,-5.21805650655445,58.25,94.28617861922034,-5.713821380779655,4.573999881744385,131.58802614730195,31.588026147301935,4206.7001953125,108.77052864414998,8.770528644149968,60.16899871826172,127.23408237132354,27.23408237132354
2025-12-10,62.209999084472656,95.19510411175925,-4.80489588824075,58.459999084472656,94.62609297438706,-5.373907025612932,4.59499979019165,132.19216619393347,32.19216619393348,4196.39990234375,108.5041991556238,8.50419915562379,60.37900161743164,127.67815700677352,27.678157006773528
2025-12-11,61.279998779296875,93.77199726112319,-6.228002738876815,57.599998474121094,93.2340557012498,-6.7659442987502025,4.230999946594238,121.72036423169924,21.720364231699232,4285.5,110.80801551389787,10.808015513897868,63.92900085449219,135.18502773701903,35.18502773701902
2025-12-12,61.119998931884766,93.52716198775211,-6.472838012247893,57.439998626708984,92.97507245331596,-7.024927546684041,4.11299991607666,118.32565686340612,18.325656863406117,4300.10009765625,111.18552288703943,11.185522887039431,61.36199951171875,129.75681607900108,29.756816079001098
2025-12-15,60.560001373291016,92.67024144962002,-7.329758550379981,56.81999969482422,91.9715131394033,-8.028486860596708,4.01200008392334,115.42002308599646,15.420023085996467,4306.7001953125,111.35617828862314,11.356178288623141,62.939998626708984,133.09367182956234,33.09367182956233
2025-12-16,58.91999816894531,90.16067260089977,-9.839327399100235,55.27000045776367,89.46261176729779,-10.537388232702218,3.885999917984009,111.79516222923014,11.795162229230131,4304.5,111.29928894634777,11.29928894634777,62.70000076293945,132.58616948419711,32.58616948419712
2025-12-17,59.68000030517578,91.32364452741241,-8.676355472587591,55.939998626708984,90.54710218844333,-9.452897811556667,4.02400016784668,115.76524988921012,15.765249889210125,4347.5,112.41111829347123,12.411118293471235,66.23699951171875,140.0655492268563,40.065549226856305
2025-12-18,59.81999969482422,91.53787466194542,-8.462125338054568,56.150001525878906,90.88702271825774,-9.112977281742259,3.9079999923706055,112.42807574879106,12.42807574879105,4339.5,112.20426632191338,12.20426632191338,64.59200286865234,136.58701970429442,36.58701970429441
2025-12-19,60.470001220703125,92.53252124351545,-7.467478756484549,56.65999984741211,91.71252989146946,-8.287470108530549,3.9839999675750732,114.61449616482872,14.614496164828719,4361.39990234375,112.77052106900452,12.770521069004525,66.84500122070312,141.35123689277626,41.35123689277628
2025-12-22,62.06999969482422,94.98087397722624,-5.019126022773772,58.0099983215332,93.89770065999573,-6.102299340004258,3.9649999141693115,114.06788934607121,14.067889346071214,4444.60009765625,114.92178662330316,14.921786623303168,67.90599822998047,143.5948338239173,43.59483382391732
2025-12-23,62.380001068115234,95.45524487321603,-4.544755126783962,58.380001068115234,94.496604437744,-5.503395562256009,4.4079999923706055,126.8124252841389,26.812425284138904,4482.7998046875,115.90949721234647,15.909497212346476,70.48500061035156,149.04842301918478,49.0484230191848
2025-12-24,62.2400016784668,95.24101473868302,-4.758985261316984,58.349998474121094,94.44804083368611,-5.551959166313888,4.242000102996826,122.03682442097588,22.03682442097587,4480.60009765625,115.8526204953135,15.852620495313511,71.03099822998047,150.2029960981835,50.20299609818348
2025-12-26,60.63999938964844,92.79265616763888,-7.207343832361126,56.7400016784668,91.84202460276022,-8.157975397239785,4.366000175476074,125.60414519087581,25.60414519087581,4529.10009765625,117.10666057288299,17.106660572883,76.48600006103516,161.73820803611258,61.738208036112574
2025-12-29,61.939998626708984,94.78194349344555,-5.21805650655445,58.08000183105469,94.011011619699,-5.988988380300997,4.686999797821045,134.83888672792523,34.83888672792524,4325.10009765625,111.83193529815772,11.831935298157726,69.85600280761719,147.7183367629846,47.718336762984606
2025-12-30,61.91999816894531,94.7513383546075,-5.248661645392505,57.95000076293945,93.80058580117534,-6.199414198824643,3.9719998836517334,114.26926936161506,14.269269361615061,4370.10009765625,112.99547763817066,12.995477638170652,77.3740005493164,163.6159844604934,63.6159844604934
2025-12-31,60.849998474121094,93.1140013694384,-6.885998630561592,57.41999816894531,92.94269877549327,-7.057301224506732,3.686000108718872,106.04142790228488,6.041427902284875,4325.60009765625,111.84486354638008,11.844863546380092,70.13400268554688,148.306198620772,48.30619862077199
2026-01-02,60.75,92.9609815125815,-7.039018487418504,57.31999969482422,92.7808365610275,-7.219163438972499,3.618000030517578,104.08515411572807,4.085154115728074,4314.39990234375,111.55526573610213,11.555265736102132,70.55599975585938,149.19855865913675,49.19855865913676
2026-01-05,61.7599983215332,94.50650308123642,-5.493496918763583,58.31999969482422,94.39948340427591,-5.600516595724081,3.5230000019073486,101.35212688093289,1.3521268809328997,4436.89990234375,114.72268655058177,14.72268655058177,76.16400146484375,161.05730596388258,61.05730596388259
2026-01-06,60.70000076293945,92.88447158415303,-7.11552841584696,57.130001068115234,92.47329588368348,-7.526704116316531,3.3499999046325684,96.37513914323365,-3.624860856766338,4482.2001953125,115.89399341467357,15.893993414673563,80.52999877929688,170.28969596161588,70.28969596161588
2026-01-07,59.959999084472656,91.75210479647845,-8.247895203521546,55.9900016784668,90.62803947032391,-9.371960529676098,3.5250000953674316,101.4096669677993,1.4096669677992943,4449.2998046875,115.04330458144796,15.043304581447964,77.13500213623047,163.11059556546493,63.11059556546493
2026-01-08,61.9900016784668,94.85845925920738,-5.141540740792628,57.7599983215332,93.49303894918364,-6.506961050816362,3.4070000648498535,98.01495959950618,-1.98504040049382,4449.7001953125,115.0536572802198,15.053657280219781,74.71600341796875,157.99535202258005,57.995352022580036
2026-01-09,63.34000015258789,96.92425651344251,-3.075743486557497,59.119998931884766,95.69439964394512,-4.3056003560548834,3.1689999103546143,91.16800477605355,-8.831995223946443,4490.2998046875,116.10342093568195,16.103420935681964,78.88400268554688,166.80905298871724,66.80905298871724
2026-01-12,63.869998931884766,97.73527226198419,-2.2647277380158086,59.5,96.30948717328087,-3.690512826719133,3.4089999198913574,98.07249282738022,-1.9275071726197806,4604.2998046875,119.05106153038139,19.051061530381382,84.61000061035156,178.91731649886788,78.91731649886785
2026-01-13,65.47000122070312,100.18363083302833,0.18363083302833266,61.150001525878906,98.98025693449983,-1.0197430655001687,3.4189999103546143,98.36017954372748,-1.6398204562725176,4589.2001953125,118.66063853425986,18.660638534259856,85.87699890136719,181.5965261975076,81.59652619750759
2026-01-14,66.5199966430664,101.790356842026,1.7903568420259985,62.02000045776367,100.38847795922462,0.3884779592246026,3.119999885559082,89.75833780825427,-10.241662191745737,4626.2998046875,119.61990445216549,19.619904452165482,90.86900329589844,192.1526782336395,92.15267823363952
2026-01-15,63.7599983215332,97.56694691704158,-2.4330530829584305,59.189998626708984,95.8077044290007,-4.19229557099931,3.128000020980835,89.98849129672749,-10.011508703272515,4616.2998046875,119.36133948771817,19.361339487718165,91.8759994506836,194.28208431376186,94.28208431376187
2026-01-16,64.12999725341797,98.13312739221219,-1.86687260778782,59.439998626708984,96.2123661398128,-3.7876338601872055,3.1029999256134033,89.26927107636315,-10.73072892363685,4588.39990234375,118.63994576195861,18.63994576195863,88.09100341796875,186.2782865564392,86.27828655643921
2026-01-20,64.91999816894531,99.34200410831522,-0.657995891684777,60.34000015258789,97.66915076859544,-2.330849231404555,3.9070000648498535,112.39930913485404,12.39930913485403,4759.60009765625,123.06658300339366,23.066583003393664,94.20600128173828,199.20913397742478,99.2091339774248
2026-01-21,65.23999786376953,99.83167465505738,-0.16832534494262194,60.619998931884766,98.12236990881775,-1.8776300911822572,4.875,140.24740796964156,40.24740796964155,4831.7998046875,124.93341447155785,24.933414471557853,92.20999908447266,194.98836392324142,94.98836392324141
2026-01-22,64.05999755859375,98.02601232494567,-1.9739876750543313,59.36000061035156,96.08287760316972,-3.917122396830282,5.045000076293945,145.13808900653737,45.13808900653737,4908.7998046875,126.92436469780219,26.9243646978022,95.97599792480469,202.95198999095732,102.95198999095734
2026-01-23,65.87999725341797,100.8110157485417,0.8110157485416882,61.06999969482422,98.85076222320906,-1.1492377767909319,5.275000095367432,151.75489034151676,51.75489034151678,4976.2001953125,128.66710265837105,28.66710265837104,100.92500305175781,213.4172152629834,113.4172152629834
2026-01-26,65.58999633789062,100.36724999138993,0.3672499913899333,60.630001068115234,98.13855983505293,-1.8614401649470684,6.800000190734863,195.62715916792465,95.62715916792466,5079.7001953125,131.34325004040076,31.34325004040078,115.08000183105469,243.349544519186,143.34954451918603
2026-01-27,67.56999969482422,103.39709452569039,3.3970945256903957,62.38999938964844,100.98737556232516,0.9873755623251648,6.953999996185303,200.05753322787405,100.05753322787403,5079.89990234375,131.34841376454426,31.34841376454428,105.52300262451172,223.14020000338797,123.14020000338797
2026-01-28,68.4000015258789,104.66718151946954,4.66718151946955,63.209999084472656,102.31466547981705,2.3146654798170525,7.460000038146973,214.61449616482872,114.61449616482872,5301.60009765625,137.08080407643828,37.08080407643827,113.11100006103516,239.18586989051195,139.18586989051198
2026-01-29,70.70999908447266,108.20199041393114,8.201990413931147,65.41999816894531,105.89187352148062,5.891873521480611,3.9179999828338623,112.71576246513833,12.715762465138313,5318.39990234375,137.5151881666128,37.5151881666128,114.03700256347656,241.14400582731497,141.14400582731497
2026-01-30,70.69000244140625,108.17139111242646,8.171391112426457,65.20999908447266,105.55195916631388,5.551959166313888,4.354000091552734,125.25891838766215,25.258918387662156,4713.89990234375,121.88493606577246,21.88493606577246,78.29000091552734,165.55296976072032,65.55296976072032
2026-02-02,66.30000305175781,101.45371782680748,1.4537178268074866,62.13999938964844,100.58271385151305,0.5827138515130604,3.236999988555908,93.12427856261036,-6.875721437389642,4622.5,119.52165481577246,19.521654815772465,76.77799987792969,162.355674331823,62.355674331822996
2026-02-03,67.33000183105469,103.02984453430047,3.0298445343004627,63.209999084472656,102.31466547981705,2.3146654798170525,3.311000108718872,95.25316575077399,-4.746834249226014,4903.7001953125,126.79250666612798,26.79250666612799,83.04199981689453,175.60160331827836,75.60160331827836
2026-02-04,69.45999908447266,106.28921301655292,6.289213016552926,65.13999938964844,105.43865438125832,5.438654381258314,3.4649999141693115,99.68353981072336,-0.31646018927663766,4920.39990234375,127.22430258160958,27.224302581609567,84.16500091552734,177.9763148363407,77.9763148363407
2026-02-05,67.55000305175781,103.36649522418571,3.366495224185707,63.290000915527344,102.44416019110783,2.444160191107816,3.509000062942505,100.9493668498452,0.9493668498452028,4861.39990234375,125.69876929137041,25.698769291370393,76.52899932861328,161.82913480021844,61.82913480021844
2026-02-06,68.05000305175781,104.131606183137,4.131606183136995,63.54999923706055,102.86500565350742,2.865005653507422,3.421999931335449,98.44648624453089,-1.5535137554691034,4951.2001953125,128.02069024725276,28.020690247252748,76.73500061035156,162.2647475677171,62.26474756771713
2026-02-09,69.04000091552734,105.64652261295386,5.64652261295386,64.36000061035156,104.1761118194118,4.176111819411808,3.138000011444092,90.27617801307474,-9.723821986925252,5050.89990234375,130.59857536764704,30.598575367647058,82.06500244140625,173.5356330146756,73.53563301467557
2026-02-10,68.80000305175781,105.27927262156393,5.279272621563927,63.959999084472656,103.52865061225336,3.528650612253366,3.115000009536743,89.6144978795768,-10.385502120423192,5003.7998046875,129.38073186005172,29.38073186005171,80.21800231933594,169.62994452596197,69.62994452596196
2026-02-11,69.4000015258789,106.19740343737212,6.197403437372126,64.62999725341797,104.61314103339892,4.613141033398916,3.1589999198913574,90.88031805970628,-9.119681940293706,5071.60009765625,131.13380989414998,31.133809894149966,83.75399780273438,177.1072027516801,77.10720275168008
2026-02-12,67.5199966430664,103.32057875992857,3.3205787599285745,62.84000015258789,101.7157678767165,1.7157678767164903,3.2170000076293945,92.54890512991582,-7.451094870084169,4923.7001953125,127.30963659502264,27.309636595022624,75.5459976196289,159.75046766138655,59.750467661386544
2026-02-13,67.75,103.67253493789951,3.672534937899529,62.88999938964844,101.79669898394937,1.7966989839493737,3.243000030517578,93.29689196421718,-6.703108035782815,5022.0,129.8513251454428,29.851325145442793,77.85099792480469,164.6246488002136,64.6246488002136
2026-02-17,67.41999816894531,103.16755890307165,3.1675589030716633,62.33000183105469,100.89026070350478,0.8902607035047795,3.0309998989105225,87.19792397506592,-12.802076024934085,4882.89990234375,126.25468396493214,26.254683964932124,73.4469985961914,155.31189929005816,55.31189929005815
2026-02-18,70.3499984741211,107.65110958951287,7.65110958951288,65.19000244140625,105.5195916631389,5.519591663138885,3.010999917984009,86.62255054237139,-13.37744945762861,4986.5,128.93341952165483,28.93341952165482,77.50900268554688,163.90146158804012,63.901461588040135
2026-02-19,71.66000366210938,109.65570824073862,9.655708240738631,66.43000030517578,107.52671029096422,7.5267102909642185,2.996000051498413,86.19102389734667,-13.808976102653325,4975.89990234375,128.65933813429217,28.659338134292177,77.56500244140625,164.0198793397323,64.0198793397323
2026-02-20,71.76000213623047,109.80872809759555,9.808728097595544,66.38999938964844,107.46196293531884,7.461962935318836,3.046999931335449,87.65822409302001,-12.341775906979992,5059.2998046875,130.81576741273432,30.815767412734324,82.28299713134766,173.99660718621516,73.99660718621514
2026-02-23,71.48999786376953,109.39556164194848,9.395561641948479,66.30999755859375,107.33246822402806,7.332468224028073,2.984999895095825,85.87456370807004,-14.125436291929963,5204.7001953125,134.57531209599225,34.575312095992246,86.52300262451172,182.9625733758497,82.96257337584971
2026-02-24,70.7699966430664,108.29379999311195,8.293799993111946,65.62999725341797,106.23178787664733,6.231787876647334,2.9149999618530273,83.86075669363919,-16.139243306360804,5155.7998046875,133.31091931965094,33.31091931965094,87.45700073242188,184.93761691534664,84.93761691534664
2026-02-25,70.8499984741211,108.41622054846415,8.416220548464167,65.41999816894531,105.89187352148062,5.891873521480611,2.9690001010894775,85.4142704491083,-14.585729550891699,5206.39990234375,134.61926056480286,34.61926056480284,90.93900299072266,192.30070042325474,92.30070042325474
2026-02-26,70.75,108.26320069160727,8.263200691607258,65.20999908447266,105.55195916631388,5.551959166313888,2.8269999027252197,81.32910947438788,-18.67089052561213,5176.5,133.84615384615384,33.84615384615385,86.99800109863281,183.96701081489644,83.96701081489644
2026-02-27,72.4800033569336,110.91048974643208,10.910489746432075,67.0199966430664,108.48170600081902,8.481706000819006,2.8589999675750732,82.24970971029606,-17.750290289703948,5230.5,135.24240465416938,35.24240465416936,92.68199920654297,195.98646101127792,95.98646101127792
2026-03-02,77.73999786376953,118.95944862883958,18.959448628839578,71.2300033569336,115.29622007827479,15.296220078274775,2.9600000381469727,85.15535034669806,-14.844649653301941,5294.39990234375,136.89463225193924,36.894632251939235,88.28399658203125,186.6863922031429,86.68639220314292
2026-03-03,81.4000015258789,124.56006645220303,24.56006645220304,74.55999755859375,120.68630468082753,20.686304680827522,3.053999900817871,87.85960410856386,-12.140395891436144,5107.39990234375,132.05946741677442,32.0594674167744,82.9229965209961,175.34995752932815,75.34995752932817
2026-03-04,81.4000015258789,124.56006645220303,24.56006645220304,74.66000366210938,120.84817924458866,20.848179244588664,2.9170000553131104,83.9182967805056,-16.081703219494408,5120.2001953125,132.3904381464124,32.39043814641241,82.63300323486328,174.73673426749988,74.7367342674999
2026-03-05,85.41000366210938,130.69625961189905,30.696259611899052,81.01000213623047,131.12658422935704,31.12658422935704,3.003000020980835,86.39240391289053,-13.607596087109478,5065.2998046875,130.9709063914027,30.970906391402714,81.68699645996094,172.73629705754473,72.73629705754473
2026-03-06,92.69000244140625,141.83627330628312,41.836273306283125,90.9000015258789,147.13500052114026,47.13500052114026,3.186000108718872,91.65707836693703,-8.342921633062977,5146.10009765625,133.0601188792825,33.06011887928248,83.81600189208984,177.23831733860135,77.23831733860136
2026-03-09,98.95999908447266,151.4307595946789,51.43075959467892,94.7699966430664,153.3991559009626,53.399155900962604,3.119999885559082,89.75833780825427,-10.241662191745737,5091.5,131.64835164835165,31.648351648351646,84.03199768066406,177.69506460946744,77.69506460946745
2026-03-10,87.80000305175781,134.35348906171288,34.35348906171287,83.44999694824219,135.07607412936233,35.076074129362325,3.0199999809265137,86.88147064478163,-13.118529355218367,5229.7001953125,135.22172450711054,35.22172450711054,89.08300018310547,188.3759747483018,88.37597474830177
2026-03-11,91.9800033569336,140.74981714553232,40.749817145532305,87.25,141.22693707342447,41.226937073424466,3.2090001106262207,92.31875850043497,-7.681241499565036,5167.39990234375,133.61085720345832,33.6108572034583,85.06500244140625,179.8794687979711,79.87946879797109
2026-03-12,100.45999908447266,153.72609247153278,53.72609247153278,95.7300033569336,154.953067737861,54.95306773786102,3.2330000400543213,93.00920524786991,-6.9907947521300775,5115.7998046875,132.27665946186167,32.27665946186167,84.66999816894531,179.04418805190699,79.04418805190699
2026-03-13,103.13999938964844,157.82708767849834,57.82708767849836,98.70999908447266,159.7766284151359,59.77662841513589,3.13100004196167,90.0747979975309,-9.9252020024691,5052.5,130.63994828700712,30.639948287007112,80.91400146484375,171.10171262076713,71.10171262076716
2026-03-16,100.20999908447266,153.34353699205712,53.34353699205714,93.5,151.34347984372707,51.34347984372708,3.0230000019073486,86.96777734558505,-13.032222654414952,4994.0,129.1273432449903,29.127343244990307,80.26300048828125,169.7250981907413,69.7250981907413
