date,sp500,sp500_indexed_d0,sp500_delta_vs_d0_pct,nasdaq,nasdaq_indexed_d0,nasdaq_delta_vs_d0_pct,eurostoxx50,eurostoxx50_indexed_d0,eurostoxx50_delta_vs_d0_pct,dax,dax_indexed_d0,dax_delta_vs_d0_pct,ftse100,ftse100_indexed_d0,ftse100_delta_vs_d0_pct,nikkei225,nikkei225_indexed_d0,nikkei225_delta_vs_d0_pct,shanghai,shanghai_indexed_d0,shanghai_delta_vs_d0_pct
2025-07-03,6279.35009765625,93.56523296745223,-6.434767032547765,20601.099609375,90.5337491273013,-9.466250872698689,5343.14990234375,95.7346156073698,-4.265384392630196,23934.130859375,99.25565598343712,-0.7443440165628653,8823.2001953125,93.40277598299782,-6.597224017002177,39785.8984375,89.3044622989635,-10.695537701036509,3461.15087890625,87.98107729091834,-12.018922709081655
2025-07-04,,,,,,,5288.81005859375,94.76099440103066,-5.239005598969337,23787.44921875,98.64736222309537,-1.3526377769046327,8822.900390625,93.39960223770753,-6.600397762292473,39810.87890625,89.36053410875809,-10.639465891241908,3472.319091796875,88.26496881599454,-11.73503118400546
2025-07-07,6229.97998046875,92.82959529087118,-7.170404709128819,20412.51953125,89.70501368079115,-10.294986319208848,5341.5400390625,95.70577126550634,-4.294228734493651,24073.669921875,99.83432922898456,-0.16567077101543934,8806.5,93.22598699860252,-6.774013001397481,39587.6796875,88.85953533786619,-11.140464662133807,3473.126953125,88.28550432930697,-11.71449567069303
2025-07-08,6225.52001953125,92.76313980142513,-7.236860198574881,20418.4609375,89.73112382991427,-10.268876170085735,5371.9501953125,96.25063799624823,-3.7493620037517763,24206.91015625,100.38688101972977,0.3868810197297576,8854.2001953125,93.73094331360097,-6.269056686399023,39688.80859375,89.08653191077822,-10.91346808922178,3497.47509765625,88.90442446912222,-11.095575530877772
2025-07-09,6263.259765625,93.32547954685708,-6.674520453142914,20611.33984375,90.57875093921864,-9.42124906078137,5445.64990234375,97.57113494130259,-2.4288650586974043,24549.560546875,101.80786386194329,1.8078638619432918,8867.0,93.8664425954248,-6.133557404575197,39821.28125,89.38388348006114,-10.616116519938855,3493.050048828125,88.79194148973637,-11.20805851026363
2025-07-10,6280.4599609375,93.58177044583091,-6.4182295541690815,20630.66015625,90.66365613156768,-9.336343868432314,5438.27001953125,97.43890764893855,-2.5610923510614487,24456.810546875,101.42322645243995,1.4232264524399585,8975.7001953125,95.01714752870689,-4.982852471293112,39646.359375,88.9912492904439,-11.008750709556093,3509.681884765625,89.21471613733263,-10.785283862667374
2025-07-11,6259.75,93.2731824088958,-6.726817591104189,20585.529296875,90.4653237134915,-9.534676286508503,5383.47998046875,96.45722017532671,-3.5427798246732944,24255.310546875,100.58759908839767,0.5875990883976759,8941.099609375,94.65086424082256,-5.349135759177448,39569.6796875,88.81913206976087,-11.18086793023913,3510.177001953125,89.22730181910887,-10.772698180891124
2025-07-14,6268.56005859375,93.40445637387012,-6.595543626129885,20640.330078125,90.70615164383216,-9.29384835616784,5370.85009765625,96.23092725854171,-3.7690727414582867,24160.640625,100.1949996974771,0.19499969747710486,8998.099609375,95.25426868741545,-4.745731312584551,39459.62109375,88.57209168806222,-11.427908311937781,3519.64990234375,89.46809917542063,-10.531900824579365
2025-07-15,6243.759765625,93.03492048987023,-6.96507951012977,20677.80078125,90.87082068095475,-9.129179319045251,5354.169921875,95.93206418229134,-4.067935817708658,24060.2890625,99.77883834934113,-0.2211616506588722,8938.2998046875,94.62122538822555,-5.378774611774451,39678.01953125,89.06231450051196,-10.937685499488033,3504.9990234375,89.09567966684435,-10.904320333155656
2025-07-16,6263.7001953125,93.33204215376318,-6.667957846236811,20730.490234375,91.1023701526491,-8.897629847350903,5298.06982421875,94.92690404588919,-5.073095954110813,24009.380859375,99.56772029680776,-0.4322797031922362,8926.599609375,94.49736661844366,-5.502633381556342,39663.3984375,89.02949561324674,-10.97050438675327,3503.777099609375,89.06461884964014,-10.935381150359861
2025-07-17,6297.35986328125,93.83358684009605,-6.166413159903956,20885.650390625,91.78423815614624,-8.215761843853755,5377.14990234375,96.34380250838166,-3.656197491618343,24370.9296875,101.06707560310389,1.067075603103893,8972.599609375,94.98432459288705,-5.015675407112952,39901.19140625,89.56325189491152,-10.43674810508848,3516.824951171875,89.3962900413807,-10.603709958619296
2025-07-18,6296.7900390625,93.82509619457562,-6.17490380542438,20895.650390625,91.82818423225089,-8.171815767749107,5359.22998046875,96.0227265768109,-3.977273423189101,24289.509765625,100.72942441354094,0.7294244135409409,8992.099609375,95.19075242987935,-4.809247570120646,39819.109375,89.37900843295469,-10.620991567045312,3534.48291015625,89.8451483282795,-10.154851671720488
2025-07-21,6305.60009765625,93.95637015954993,-6.043629840450075,20974.1796875,92.17328967794222,-7.82671032205779,5342.97998046875,95.73157107265082,-4.268428927349178,24307.80078125,100.80527787841625,0.8052778784162509,9013.0,95.41200486213643,-4.587995137863567,,,,3559.791015625,90.48847029291933,-9.511529707080669
2025-07-22,6309.6201171875,94.0162703177073,-5.983729682292704,20892.689453125,91.81517207377928,-8.184827926220718,5290.47998046875,94.79091482844134,-5.209085171558656,24041.900390625,99.70257990067043,-0.29742009932956553,9023.7998046875,95.52633205811489,-4.473667941885105,39774.921875,89.27982402132115,-10.720175978678858,3581.861083984375,91.04948264345738,-8.95051735654262
2025-07-23,6358.91015625,94.7507147930327,-5.249285206967306,21020.01953125,92.37473780414848,-7.6252621958515245,5344.25,95.75432634507631,-4.245673654923687,24240.8203125,100.52750759283869,0.5275075928386878,9061.5,95.92542794388653,-4.074572056113471,41171.3203125,92.4142162686635,-7.585783731336505,3582.298095703125,91.0605913073526,-8.939408692647412
2025-07-24,6363.35009765625,94.81687198216484,-5.183128017835157,21057.9609375,92.54147539680646,-7.458524603193541,5355.2001953125,95.95052386119092,-4.049476138809086,24295.9296875,100.75604804824945,0.7560480482494454,9138.400390625,96.73949877981383,-3.260501220186178,41826.33984375,93.88449014284764,-6.115509857152351,3605.72705078125,91.656146017243,-8.343853982756995
2025-07-25,6388.64013671875,95.1937053104295,-4.806294689570504,21108.3203125,92.7627850894397,-7.237214910560294,5352.16015625,95.8960546854427,-4.103945314557303,24217.5,100.43079746250115,0.43079746250113293,9120.2998046875,96.54788520015374,-3.4521147998462545,41456.23046875,93.05373301471334,-6.946266985286652,3593.655029296875,91.34928003756342,-8.65071996243658
2025-07-28,6389.77001953125,95.21054108912209,-4.789458910877906,21178.580078125,93.0715491901648,-6.9284508098352005,5337.580078125,95.6348196086933,-4.365180391306699,23970.359375,99.40589687184847,-0.5941031281515333,9081.400390625,96.13609433322092,-3.8639056667790745,40998.26953125,92.0257819847369,-7.974218015263106,3597.93701171875,91.45812632586403,-8.54187367413597
2025-07-29,6370.85986328125,94.92877097796958,-5.071229022030424,21098.2890625,92.71870168184724,-7.281298318152768,5379.2001953125,96.3805381442581,-3.6194618557418963,24217.369140625,100.43025478421532,0.4302547842153192,9136.2998046875,96.71726188691666,-3.282738113083336,40674.55078125,91.29915445990528,-8.700845540094718,3609.7109375,91.75741483145643,-8.242585168543567
2025-07-30,6362.89990234375,94.81016386291049,-5.189836137089512,21129.669921875,92.85660824527953,-7.1433917547204695,5393.18017578125,96.63102111419822,-3.3689788858017775,24262.220703125,100.616255741759,0.616255741759005,9136.900390625,96.7236197154298,-3.2763802845702017,40654.69921875,91.254595126461,-8.745404873538998,3615.717041015625,91.91008759150452,-8.089912408495485
2025-07-31,6339.39013671875,94.45985743573192,-5.540142564268075,21122.44921875,92.8248760883735,-7.175123911626501,5319.919921875,95.31839796583087,-4.681602034169128,24065.470703125,99.80032678952418,-0.19967321047582925,9132.7998046875,96.68021073668727,-3.3197892633127246,41069.8203125,92.1863867290696,-7.813613270930392,3573.2080078125,90.82952489237474,-9.170475107625267
2025-08-01,6238.009765625,92.94924281922026,-7.050757180779739,20650.130859375,90.7492222317019,-9.250777768298091,,,,23425.970703125,97.14829850513192,-2.851701494868086,9068.599609375,96.00058471346455,-3.9994152865354424,40799.6015625,91.57984669555103,-8.420153304448972,3559.951904296875,90.49256001890087,-9.507439981099136
2025-08-04,6329.93994140625,94.31904513632979,-5.680954863670209,21053.580078125,92.52222323885671,-7.477776761143291,5242.31982421875,93.92801670084769,-6.071983299152308,23757.689453125,98.52394746129023,-1.4760525387097685,9128.2998046875,96.6325735435352,-3.367426456464795,40290.69921875,90.43755126033119,-9.562448739668802,3583.30908203125,91.08629017729118,-8.913709822708828
2025-08-05,6299.18994140625,93.8608558541582,-6.139144145841788,20916.55078125,91.9200332479532,-8.079966752046797,5249.58984375,94.05827554403999,-5.941724455960018,23846.0703125,98.89046589578811,-1.109534104211888,9142.7001953125,96.78501669679484,-3.214983303205152,40549.5390625,91.01854990496288,-8.981450095037115,3617.597900390625,91.95789828795631,-8.042101712043696
2025-08-06,6345.06005859375,94.54434190512625,-5.45565809487376,21169.419921875,93.0312938977955,-6.968706102204497,5263.2900390625,94.30374553008937,-5.696254469910636,23924.359375,99.21513330487107,-0.7848666951289279,9164.2998046875,97.01367108875178,-2.9863289112482287,40794.859375,91.56920225816391,-8.430797741836093,3633.9951171875,92.37470901041105,-7.625290989588948
2025-08-07,6340.0,94.46894468188017,-5.531055318119823,21242.69921875,93.35332765353188,-6.646672346468117,5332.06982421875,95.53609094690104,-4.46390905309896,24192.5,100.32712161088297,0.32712161088298375,9100.7998046875,96.34145736316144,-3.658542636838561,41059.1484375,92.16243236091341,-7.8375676390865845,3639.6669921875,92.51888581466442,-7.481114185335583
2025-08-08,6389.4501953125,95.20577555971688,-4.794224440283115,21450.01953125,94.26441907664831,-5.735580923351692,5347.740234375,95.81686178809723,-4.183138211902766,24162.859375,100.20420092930821,0.20420092930821557,9095.7001953125,96.28747267942877,-3.712527320571225,41820.48046875,93.87133803734461,-6.128661962655386,3635.1279296875,92.40350465313382,-7.596495346866168
2025-08-11,6373.4501953125,94.96736812834305,-5.032631871656944,21385.400390625,93.98044330947599,-6.0195566905240065,5331.85009765625,95.53215404855753,-4.467845951442471,24081.33984375,99.86613665627398,-0.13386334372602748,9129.7001953125,96.64739813879997,-3.3526018612000232,,,,3647.547119140625,92.71919550435476,-7.280804495645249
2025-08-12,6445.759765625,96.04481431096484,-3.955185689035164,21681.900390625,95.28344446597879,-4.716555534021215,5335.97021484375,95.60597526682984,-4.394024733170154,24024.779296875,99.63157814166381,-0.3684218583361824,9147.7998046875,96.8390013805275,-3.160998619472488,42718.171875,95.88631951304242,-4.113680486957583,3665.91796875,93.18617518710496,-6.813824812895036
2025-08-13,6466.580078125,96.35504663743517,-3.644953362564824,21713.140625,95.42073303771586,-4.579266962284138,5388.25,96.54268586403283,-3.457314135967171,24185.58984375,100.29846495752166,0.2984649575216547,9165.2001953125,97.02320266255519,-2.976797337444798,43274.671875,97.13545388529856,-2.864546114701441,3683.465087890625,93.63221596930633,-6.367784030693673
2025-08-14,6468.5400390625,96.38425096572908,-3.615749034270923,21710.669921875,95.40987526695955,-4.590124733040462,5434.7001953125,97.37494617385099,-2.625053826149019,24377.5,101.0943229128573,1.0943229128572878,9177.2001953125,97.15023517762738,-2.8497648223726095,42649.26171875,95.7316419842564,-4.268358015743597,3666.443115234375,93.19952420165166,-6.800475798348334
2025-08-15,6449.7998046875,96.10501276943612,-3.8949872305638795,21622.98046875,95.02451452889892,-4.975485471101077,5448.60986328125,97.62416933632117,-2.375830663678823,24359.30078125,101.01885013274965,1.0188501327496384,9138.900390625,96.74479180127517,-3.255208198724837,43378.30859375,97.36807955936588,-2.631920440634114,3696.77099609375,93.97044685810681,-6.029553141893198
2025-08-18,6449.14990234375,96.09532892266004,-3.9046710773399584,21629.76953125,95.05434979462935,-4.945650205370657,5434.64013671875,97.37387008830376,-2.626129911696245,24314.76953125,100.83417752205482,0.83417752205481,9157.7001953125,96.94380734063508,-3.0561926593649162,43714.30859375,98.12227389733185,-1.8777261026681413,3728.027099609375,94.76496456491367,-5.235035435086336
2025-08-19,6411.3701171875,95.53239257660024,-4.467607423399754,21314.94921875,93.67083805338797,-6.329161946612041,5483.27978515625,98.24535940294923,-1.7546405970507557,24423.0703125,101.28330455113499,1.2833045511349954,9189.2001953125,97.27726769269958,-2.7227323073004204,43546.2890625,97.7451328879972,-2.2548671120028043,3727.2880859375,94.74617913161154,-5.25382086838846
2025-08-20,6395.77978515625,95.30008938823553,-4.69991061176447,21172.859375,93.04640894467447,-6.953591055325535,5472.31982421875,98.04898691357494,-1.9510130864250672,24276.970703125,100.67742449421371,0.677424494213713,9288.099609375,98.32422113499334,-1.6757788650066565,42888.55078125,96.26875643685963,-3.731243563140365,3766.2099609375,95.73555769743834,-4.264442302561652
2025-08-21,6370.169921875,94.91849053056566,-5.081509469434331,21100.310546875,92.72758531246605,-7.272414687533956,5462.16015625,97.86695348283399,-2.1330465171660142,24293.33984375,100.74530787799587,0.7453078779958777,9309.2001953125,98.54759284342147,-1.452407156578533,42610.171875,95.6438999044105,-4.356100095589502,3771.09912109375,95.85983820200006,-4.140161797999932
2025-08-22,6466.91015625,96.35996495480605,-3.6400350451939527,21496.5390625,94.4688541627148,-5.531145837285189,5488.22998046875,98.33405334829705,-1.6659466517029535,24363.08984375,101.03456350401052,1.0345635040105141,9321.400390625,98.6767446346647,-1.3232553653352994,42633.2890625,95.69578934465514,-4.304210655344867,3825.759033203125,97.24927140507657,-2.75072859492344
2025-08-25,6439.31982421875,95.94885619291095,-4.0511438070890415,21449.2890625,94.26120895312036,-5.738791046879648,5443.9599609375,97.5408558187095,-2.4591441812904944,24273.119140625,100.66145193332379,0.6614519333237919,,,,42807.8203125,96.08754672723883,-3.9124532727611654,3883.56201171875,98.7186001047938,-1.281399895206202
2025-08-26,6465.93994140625,96.34550830300735,-3.6544916969926526,21544.26953125,94.6786108439346,-5.321389156065391,5383.68017578125,96.46080712715079,-3.539192872849207,24152.869140625,100.1627710870405,0.16277108704049426,9265.7998046875,98.08815444540403,-1.9118455545959656,42394.3984375,95.1595692352261,-4.840430764773892,3868.382080078125,98.33273228635106,-1.66726771364893
2025-08-27,6481.39990234375,96.57586890152292,-3.4241310984770825,21590.140625,94.8801963016287,-5.1198036983713004,5393.06982421875,96.62904391636347,-3.3709560836365187,24046.2109375,99.72045588539866,-0.27954411460134243,9255.5,97.97912027088691,-2.0208797291130858,42520.26953125,95.44210276564228,-4.557897234357719,3800.35009765625,96.60338637999611,-3.3966136200038863
2025-08-28,6501.85986328125,96.88073182234281,-3.11926817765719,21705.16015625,95.38566200901204,-4.6143379909879645,5396.72998046875,96.69462389410339,-3.3053761058966167,24039.919921875,99.69436682930007,-0.3056331706999408,9216.7998046875,97.5694383421926,-2.430561657807403,42828.7890625,96.13461372879902,-3.8653862712009746,3843.596923828125,97.7027034826406,-2.2972965173593973
2025-08-29,6460.259765625,96.26087104564736,-3.7391289543526307,21455.55078125,94.28872674999369,-5.711273250006308,5351.72998046875,95.8883471133524,-4.111652886647598,23902.2109375,99.12328298007812,-0.8767170199218818,9187.2998046875,97.25715007597347,-2.7428499240265336,42718.46875,95.8869858863879,-4.1130141136120955,3857.927001953125,98.06696836308376,-1.9330316369162375
2025-09-01,,,,,,,5367.080078125,96.16337883163006,-3.8366211683699443,24037.330078125,99.68362665904648,-0.31637334095350844,9196.2998046875,97.35242446227761,-2.647575537722392,42188.7890625,94.69805308505431,-5.301946914945685,3875.531005859375,98.51445513337876,-1.4855448666212514
2025-09-02,6415.5400390625,95.59452634930327,-4.4054736506967345,21279.630859375,93.51562772248946,-6.484372277510545,5291.0400390625,94.80094954488581,-5.199050455114198,23487.330078125,97.40275792344721,-2.597242076552791,9116.7001953125,96.50977958080512,-3.4902204191948942,42310.48828125,94.97122231635234,-5.028777683647672,3858.133056640625,98.07220619119971,-1.9277938088002835
2025-09-03,6448.259765625,96.082065472117,-3.9179345278830033,21497.73046875,94.47408992568822,-5.525910074311785,5325.009765625,95.40959402879255,-4.59040597120745,23594.80078125,97.84844259026664,-2.1515574097333645,9178.0,97.15870194437903,-2.841298055620972,41938.890625,94.13712455342026,-5.862875446579743,3813.556884765625,96.93909765005834,-3.0609023499416543
2025-09-04,6502.080078125,96.88401312579586,-3.1159868742041383,21707.689453125,95.39677727630803,-4.603222723691965,5346.7099609375,95.79840210919767,-4.201597890802338,23770.330078125,98.57636856376466,-1.423631436235342,9216.900390625,97.57050314924439,-2.42949685075561,42580.26953125,95.57678032599335,-4.423219674006653,3765.8759765625,95.72706794760111,-4.272932052398884
2025-09-05,6481.5,96.57736040309248,-3.4226395969075134,21700.390625,95.36470179068243,-4.635298209317564,5318.14990234375,95.28668406250814,-4.713315937491853,23596.98046875,97.8574818285796,-2.1425181714204067,9208.2001953125,97.47840250823054,-2.5215974917694552,43018.75,96.56100498920738,-3.4389950107926177,3812.513916015625,96.91258579968944,-3.0874142003105587
2025-09-08,6495.14990234375,96.7807502878598,-3.219249712140197,21798.69921875,95.79672948495028,-4.203270515049729,5362.81005859375,96.08687177382117,-3.9131282261788343,23807.130859375,98.72898265721693,-1.271017342783063,9221.400390625,97.61814034239646,-2.381859657603539,43643.80859375,97.96402776391936,-2.0359722360806445,3826.841064453125,97.2767762086428,-2.723223791357199
2025-09-09,6512.60986328125,97.04091181529711,-2.9590881847028982,21879.490234375,96.15177429707306,-3.848225702926929,5368.81982421875,96.19455031784767,-3.805449682152325,23718.44921875,98.36121687262927,-1.6387831273707247,9242.5,97.84150171289204,-2.158498287107957,43459.2890625,97.54985042548815,-2.4501495745118507,3807.2919921875,96.77984657507791,-3.2201534249220956
2025-09-10,6532.0400390625,97.33043045899396,-2.6695695410060347,21886.060546875,96.1806482423887,-3.8193517576112974,5361.47021484375,96.06286544258874,-3.9371345574112633,23632.94921875,98.00664546009521,-1.9933545399047947,9225.400390625,97.66048451408719,-2.339515485912809,43837.671875,98.39917832659273,-1.6008216734072669,3812.220947265625,96.9051386507094,-3.0948613492905874
2025-09-11,6587.47021484375,98.15636582328194,-1.8436341767180533,22043.0703125,96.87064455332161,-3.129355446678389,5386.77001953125,96.51616866652354,-3.4838313334764615,23703.650390625,98.29984562827687,-1.7001543717231244,9297.599609375,98.42478854275882,-1.5752114572411737,44372.5,99.59966744462832,-0.4003325553716794,3875.30908203125,98.50881391802638,-1.4911860819736236
2025-09-12,6584.2900390625,98.10897972707413,-1.8910202729258707,22141.099609375,97.301444847417,-2.698555152583008,5390.7099609375,96.58676162815418,-3.4132383718458223,23698.150390625,98.27703694092088,-1.7229630590791172,9283.2998046875,98.27341019655098,-1.726589803449024,44768.12109375,100.48768884012283,0.48768884012283015,3870.597900390625,98.38905755647002,-1.610942443529976
2025-09-15,6615.27978515625,98.57074133739526,-1.429258662604738,22348.75,98.21398683437359,-1.7860131656264093,5440.39990234375,97.47706931688165,-2.5229306831183527,23748.859375,98.48732882651167,-1.5126711734883351,9277.0,98.20672019372458,-1.7932798062754145,,,,3860.50390625,98.1324722443206,-1.8675277556793977
2025-09-16,6606.759765625,98.443789089164,-1.556210910835999,22333.9609375,98.14899470775946,-1.8510052922405478,5372.31005859375,96.2570857608686,-3.7429142391314048,23329.240234375,96.74715395612876,-3.2528460438712465,9195.7001953125,97.34607697169702,-2.653923028302985,44902.26953125,100.78880191157961,0.7888019115796223,3861.864990234375,98.16707045729032,-1.8329295427096788
2025-09-17,6600.35009765625,98.3482820593897,-1.651717940610299,22261.330078125,97.82981058039549,-2.170189419604516,5369.7001953125,96.21032415721066,-3.789675842789326,23359.1796875,96.8713138881174,-3.128686111882605,9208.400390625,97.48052178440159,-2.51947821559841,44790.37890625,100.53764930489368,0.537649304893688,3876.341064453125,98.53504650030854,-1.4649534996914708
2025-09-18,6631.9599609375,98.81928370382475,-1.1807162961752515,22470.720703125,98.75000021458045,-1.2499997854195504,5456.669921875,97.76858351622413,-2.2314164837758668,23674.529296875,98.17907946049354,-1.820920539506453,9228.099609375,97.6890585596324,-2.3109414403676003,45303.4296875,101.68925643080966,1.6892564308096665,3831.656005859375,97.39917010212959,-2.6008298978704194
2025-09-19,6664.35986328125,99.30205729723328,-0.6979427027667282,22631.48046875,99.4564763040526,-0.5435236959473992,5458.419921875,97.79993872436444,-2.2000612756355507,23639.41015625,98.03343918799777,-1.9665608120022295,9216.7001953125,97.56838387307334,-2.4316161269266545,45045.80859375,101.11099342412263,1.1109934241226098,3820.089111328125,97.10514424848307,-2.8948557515169377
2025-09-22,6693.75,99.73998398491095,-0.2600160150890485,22788.98046875,100.14862700270079,0.14862700270079537,5442.0498046875,97.50663104910991,-2.4933689508900803,23527.05078125,97.56748103238145,-2.432518967618549,9226.7001953125,97.67424430230017,-2.325755697699831,45493.66015625,102.11625268807116,2.116252688071163,3828.575927734375,97.32087574251955,-2.6791242574804595
2025-09-23,6656.919921875,99.19119871471852,-0.8088012852814696,22573.470703125,99.2015461465557,-0.7984538534442994,5472.39013671875,98.05024672104486,-1.9497532789551437,23611.330078125,97.91699014747323,-2.083009852526771,9223.2998046875,97.63824762119003,-2.3617523788099675,,,,3821.8330078125,97.1494734027867,-2.850526597213314
2025-09-24,6637.97021484375,98.90883927855559,-1.0911607214444021,22497.859375,98.86926402854023,-1.1307359714597702,5464.56005859375,97.9099531614081,-2.090046838591892,23666.810546875,98.14706954130644,-1.8529304586935562,9250.400390625,97.92513558715426,-2.0748644128457494,45630.30859375,102.42297732454257,2.422977324542583,3853.64208984375,97.95804760329335,-2.0419523967066473
2025-09-25,6604.72021484375,98.41339883523186,-1.5866011647681428,22384.69921875,98.3719695446826,-1.628030455317398,5444.89013671875,97.55752202169703,-2.442477978302966,23534.830078125,97.5997420415217,-2.4002579584783077,9214.0,97.5397994895956,-2.4602005104044053,45754.9296875,102.70270507245145,2.702705072451442,3853.302001953125,97.94940270451904,-2.0505972954809644
2025-09-26,6643.7001953125,98.99421864889165,-1.0057813511083458,22484.0703125,98.80866650953656,-1.191333490463444,5499.7001953125,98.5395681904913,-1.4604318095087119,23739.470703125,98.44839368442351,-1.5516063155764948,9284.7998046875,98.28928926093499,-1.7107107390650003,45354.98828125,101.80498619116602,1.804986191166029,3828.10595703125,97.30892927436408,-2.6910707256359228
2025-09-29,6661.2099609375,99.25512228930504,-0.7448777106949684,22591.150390625,99.27924143579384,-0.7207585642061614,5506.85009765625,98.66767486258912,-1.332325137410875,23745.060546875,98.47157495687125,-1.5284250431287494,9299.7998046875,98.44807990477523,-1.5519200952247643,45043.75,101.10637265105589,1.1063726510558773,3862.531982421875,98.18402513313485,-1.8159748668651456
2025-09-30,6688.4599609375,99.66115994586359,-0.33884005413641405,22660.009765625,99.58185136922069,-0.4181486307793167,5529.9599609375,99.08174033303361,-0.9182596669663959,23880.720703125,99.03416224606605,-0.9658377539339519,9350.400390625,98.9837398794225,-1.0162601205775101,44932.62890625,100.85694735422601,0.8569473542260082,3882.777099609375,98.6986479514848,-1.3013520485151968
2025-10-01,6711.2001953125,100.0,0.0,22755.16015625,100.0,0.0,5581.2099609375,100.0,0.0,24113.619140625,100.0,0.0,9446.400390625,100.0,0.0,44550.8515625,100.0,0.0,,,
2025-10-02,6715.35009765625,100.06183547238912,0.06183547238910467,22844.05078125,100.39063941712396,0.3906394171239662,5645.81005859375,101.15745686165512,1.1574568616551175,24422.560546875,101.28119053572308,1.2811905357230942,9427.7001953125,99.80203892975933,-0.19796107024066917,44936.73046875,100.86615382807813,0.866153828078132,,,
2025-10-03,6715.7900390625,100.0683908036778,0.0683908036777955,22780.509765625,100.11140158628169,0.11140158628168302,5651.7099609375,101.26316695650988,1.2631669565098713,24378.80078125,101.0997172970118,1.0997172970117948,9491.2998046875,100.4753071244689,0.4753071244689146,45769.5,102.73540997480232,2.7354099748023195,,,
2025-10-06,6740.27978515625,100.43329939500332,0.43329939500330966,22941.669921875,100.81963723544163,0.8196372354416177,5628.72021484375,100.85125365715983,0.8512536571598445,24378.2890625,101.09759518192398,1.0975951819239855,9479.099609375,100.34615533322568,0.346155333225681,47944.76171875,107.61805899824095,7.618058998240949,,,
2025-10-07,6714.58984375,100.05050733607779,0.05050733607779322,22788.359375,100.14589753938023,0.14589753938023328,5613.6201171875,100.5807012543308,0.5807012543308069,24385.779296875,101.1286574390299,1.128657439029892,9483.599609375,100.39379252637775,0.3937925263777518,47950.87890625,107.63178979638613,7.6317897963861165,,,
2025-10-08,6753.72021484375,100.63356803990064,0.6335680399006499,23043.380859375,101.26661689544663,1.2666168954466202,5649.72998046875,101.22769112810334,1.2276911281033476,24597.130859375,102.00513956835044,2.005139568350452,9548.900390625,101.08506939957496,1.0850693995749454,47734.98828125,107.14719608509166,7.147196085091667,,,
2025-10-09,6735.10986328125,100.35626515783942,0.3562651578394268,23024.630859375,101.18421800275041,1.1842180027504063,5625.56005859375,100.79463231031718,0.7946323103171757,24611.25,102.06369212548698,2.063692125486983,9509.400390625,100.666920704129,0.6669207041289908,48580.44140625,109.04492215619474,9.044922156194755,3933.971923828125,100.0,0.0
2025-10-10,6552.509765625,97.63543889216211,-2.3645611078378916,22204.4296875,97.57975569071644,-2.420244309283557,5531.31982421875,99.10610535944843,-0.8938946405515578,24241.4609375,100.5301642865364,0.5301642865364028,9427.5,99.79991965358829,-0.20008034641171396,48088.80078125,107.94137282378686,7.941372823786863,3897.028076171875,99.06090210170335,-0.9390978982966447
2025-10-13,6654.72021484375,99.15842205827508,-0.8415779417249237,22694.609375,99.73390307589916,-0.26609692410083496,5568.18994140625,99.76671690148953,-0.23328309851047016,24387.9296875,101.13757518220423,1.1375751822042344,9442.900390625,99.96294884977061,-0.03705115022938839,,,,3889.501953125,98.8695910503639,-1.1304089496361107
2025-10-14,6644.31005859375,99.0033058950399,-0.9966941049600939,22521.69921875,98.97403078731627,-1.02596921268373,5552.0498046875,99.47752984650121,-0.5224701534987916,24236.939453125,100.51141353681015,0.5114135368101516,9452.7998046875,100.06774447194564,0.06774447194564233,46847.3203125,105.1547134778744,5.154713477874388,3865.22900390625,98.2525823454535,-1.747417654546494
2025-10-15,6671.06005859375,99.40189331936803,-0.5981066806319718,22670.080078125,99.62610644117295,-0.37389355882705866,5605.02978515625,100.42678602642552,0.4267860264255115,24181.369140625,100.28096155788519,0.28096155788518434,9424.7998046875,99.77133527011054,-0.22866472988946474,47672.671875,107.00731905903173,7.007319059031734,3912.208984375,99.44679474397601,-0.5532052560239833
2025-10-16,6629.06982421875,98.77621932435997,-1.2237806756400251,22562.5390625,99.1535058754702,-0.8464941245297899,5652.009765625,101.26853863558303,1.268538635583017,24272.189453125,100.65759648759173,0.657596487591742,9436.099609375,99.89095548755034,-0.10904451244966203,48277.73828125,108.36546684976736,8.365466849767357,3916.22802734375,99.54895721606705,-0.45104278393294983
2025-10-17,6664.009765625,99.29684067954848,-0.7031593204515132,22679.970703125,99.6695718570702,-0.33042814292980593,5607.39013671875,100.46907706329779,0.4690770632978015,23830.990234375,98.82792829810501,-1.172071701894992,9354.599609375,99.02819298935172,-0.9718070106482772,47582.1484375,106.8041277970802,6.804127797080198,3839.7548828125,97.605040329725,-2.3949596702749965
2025-10-20,6735.1298828125,100.35656345815333,0.3565634581533406,22990.5390625,101.03439793274912,1.0343979327491137,5680.93017578125,101.7867131955559,1.786713195555889,24258.80078125,100.60207320924468,0.6020732092446784,9403.599609375,99.54690909256317,-0.4530909074368399,49185.5,110.40305241078971,10.403052410789707,3863.89306640625,98.21862334610458,-1.7813766538954268
2025-10-21,6735.35009765625,100.3598447616064,0.3598447616063923,22953.669921875,100.8723725267672,0.8723725267671946,5686.830078125,101.89242329041063,1.892423290410643,24330.029296875,100.89746028992141,0.8974602899214195,9427.0,99.79462663212695,-0.20537336787305516,49316.05859375,110.6961076256083,10.696107625608308,3916.33203125,99.55160095395496,-0.4483990460450395
2025-10-22,6699.39990234375,99.82417015399136,-0.1758298460086472,22740.400390625,99.9351366216557,-0.06486337834430068,5639.2099609375,101.03920118407905,1.0392011840790432,24151.130859375,100.15556237548266,0.15556237548266982,9515.0,100.726198409323,0.7261984093229956,49307.7890625,110.67754562070834,10.677545620708358,3913.758056640625,99.48617154420792,-0.5138284557920791
2025-10-23,6738.43994140625,100.40588486859289,0.4058848685928912,22941.80078125,100.8202123110469,0.8202123110468933,5668.330078125,101.56095394721301,1.5609539472130172,24207.7890625,100.39052587388821,0.3905258738882081,9578.599609375,101.39946660403258,1.3994666040325794,48641.609375,109.1822213695761,9.182221369576094,3922.409912109375,99.70609826550316,-0.2939017344968511
2025-10-24,6791.68994140625,101.19933460113393,1.1993346011339194,23204.869140625,101.97629452522874,1.9762945252287385,5674.5,101.6715020526988,1.6715020526987965,24239.890625,100.52365214710663,0.5236521471066378,9645.599609375,102.10873147985231,2.1087314798523003,49299.6484375,110.65927296212948,10.659272962129476,3950.31201171875,100.41535852840364,0.41535852840364346
2025-10-27,6875.16015625,102.44307957095393,2.4430795709539312,23637.4609375,103.87736572800021,3.877365728000225,5711.06005859375,102.32655819374403,2.326558193744041,24308.779296875,100.80933581604599,0.8093358160459925,9653.7998046875,102.1955390994048,2.195539099404804,50512.3203125,113.3812677893187,13.381267789318702,3996.945068359375,101.60075226134231,1.6007522613423026
2025-10-28,6890.89013671875,102.67746358589862,2.677463585898631,23827.490234375,104.71246992225835,4.712469922258362,5704.35009765625,102.20633406699622,2.2063340669962113,24278.630859375,100.68430921873524,0.6843092187352308,9696.7001953125,102.6496844759609,2.6496844759608953,50219.1796875,112.72327671907225,12.723276719072254,3988.22412109375,101.3790692540793,1.3790692540792844
2025-10-29,6890.58984375,102.67298908118991,2.672989081189924,23958.470703125,105.28807768704935,5.288077687049348,5705.81005859375,102.2324925693231,2.2324925693230933,24124.2109375,100.04392454244729,0.043924542447283055,9756.099609375,103.27848922280872,3.2784892228087044,51307.6484375,115.1664819818785,15.166481981878501,4016.3310546875,102.09353631530831,2.0935363153083157
2025-10-30,6822.33984375,101.65603238173593,1.6560323817359304,23581.140625,103.62986005406398,3.6298600540639736,5699.18017578125,102.11370322330491,2.1137032233048982,24118.890625,100.02186102527479,0.02186102527479568,9760.099609375,103.32083339449945,3.320833394499434,51325.609375,115.20679756928047,15.20679756928047,3986.90087890625,101.34543296451947,1.345432964519486
2025-10-31,6840.2001953125,101.9221599154515,1.9221599154515052,23724.9609375,104.2618938939159,4.2618938939158895,5662.0400390625,101.4482536706328,1.4482536706327855,23958.30078125,99.35588947279453,-0.6441105272054749,9717.2998046875,102.86775282499514,2.867752824995136,52411.33984375,117.64385641478164,17.643856414781634,3954.7900390625,100.52918820056338,0.5291882005633892
2025-11-03,6851.97021484375,102.09753867318057,2.0975386731805754,23834.720703125,104.74424499525435,4.744244995254339,5679.25,101.75660904622251,1.7566090462225112,24132.41015625,100.07792698190767,0.07792698190767293,9701.400390625,102.69944094528401,2.699440945284011,,,,3976.52099609375,101.08158047615706,1.0815804761570527
2025-11-04,6771.5498046875,100.89923720971923,0.8992372097192354,23348.640625,102.60811378463093,2.608113784630924,5660.2001953125,101.41528870850311,1.415288708503123,23949.109375,99.31777239797303,-0.6822276020269601,9715.0,102.84340699385947,2.843406993859475,51497.19921875,115.59195259490164,15.591952594901649,3960.18603515625,100.66635227286056,0.6663522728605598
2025-11-05,6796.2900390625,101.26787819277739,1.2678781927773781,23499.80078125,103.27240335768622,3.2724033576862115,5669.1298828125,101.57528425718341,1.5752842571833958,24049.740234375,99.73509199976381,-0.26490800023618655,9777.099609375,103.50079612418503,3.500796124185035,50212.26953125,112.707766002649,12.70776600264901,3969.248046875,100.89670500272783,0.8967050027278286
2025-11-06,6720.31982421875,100.13588670641384,0.13588670641384964,23053.990234375,101.31324093556388,1.3132409355638943,5611.18017578125,100.53698418539187,0.5369841853918674,23734.01953125,98.4257874889652,-1.574212511034796,9735.7998046875,103.06359461906476,3.06359461906476,50883.6796875,114.21483069996032,14.214830699960315,4007.760009765625,101.87566376594009,1.8756637659400794
2025-11-07,6728.7998046875,100.26224235401729,0.2622423540172831,23004.5390625,101.09592243929562,1.09592243929562,5566.52978515625,99.73697144733856,-0.26302855266143954,23569.9609375,97.74543091207292,-2.2545690879270848,9682.599609375,102.50041506799154,2.5004150679915482,50276.37109375,112.8516500368522,12.851650036852199,3997.555908203125,101.61627956696566,1.6162795669656635
2025-11-10,6832.43017578125,101.80638301556588,1.8063830155658922,23527.169921875,103.39267999136872,3.3926799913687162,5664.4599609375,101.49161204438933,1.4916120443893162,23959.990234375,99.36289569245466,-0.6371043075453422,9787.2001953125,103.60772136046366,3.607721360463652,50911.76171875,114.27786435760119,14.277864357601189,4018.596923828125,102.15113380671134,2.1511338067113583
2025-11-11,6846.60986328125,102.0176669452258,2.0176669452258054,23468.30078125,103.13397321795657,3.1339732179565725,5725.7001953125,102.58886935604066,2.588869356040663,24088.060546875,99.89400764107226,-0.10599235892774221,9899.599609375,104.79758638221364,4.797586382213629,50842.9296875,114.12336219022188,14.123362190221883,4002.758056640625,101.74851610902105,1.7485161090210481
2025-11-12,6850.919921875,102.08188882012621,2.08188882012622,23406.4609375,102.86221136998289,2.862211369982873,5787.31005859375,103.69274940557209,3.6927494055720933,24381.4609375,101.11074905559805,1.1107490555980384,9911.400390625,104.9225099590473,4.922509959047313,51063.30859375,114.61803041433166,14.618030414331656,4000.139892578125,101.68196342096951,1.681963420969521
2025-11-13,6737.490234375,100.39173379272552,0.3917337927255176,22870.359375,100.50625536343833,0.506255363438341,5742.7900390625,102.89507256053594,2.895072560535936,24041.619140625,99.70141354733974,-0.29858645266026973,9807.7001953125,103.82473524037866,3.8247352403786414,51281.828125,115.10852503696181,15.108525036961801,4029.5009765625,102.42831048579055,2.4283104857905604
2025-11-14,6734.10986328125,100.34136469337855,0.34136469337856246,22900.58984375,100.639106411475,0.6391064114750071,5693.77001953125,102.01676803742468,2.0167680374246806,23876.55078125,99.01686943800317,-0.9831305619968228,9698.400390625,102.66768281651596,2.6676828165159634,50376.53125,113.07647212832106,13.07647212832106,3990.491943359375,101.4367163931422,1.4367163931421936
2025-11-17,6672.41015625,99.42201040151369,-0.5779895984863224,22708.0703125,99.79305861428065,-0.2069413857193449,5640.93994140625,101.07019769703696,1.0701976970369504,23590.51953125,97.83068810067704,-2.1693118993229725,9675.400390625,102.42420382929427,2.4242038292942687,50323.91015625,112.9583574528335,12.95835745283348,3972.034912109375,100.96754600740037,0.967546007400356
2025-11-18,6617.31982421875,98.60113886694481,-1.3988611330551817,22432.849609375,98.58357161777008,-1.4164283822299235,5534.7099609375,99.16684732655732,-0.8331526734426812,23180.529296875,96.13044463251892,-3.869555367481081,9552.2998046875,101.12105574275255,1.1210557427525407,48702.98046875,109.31997652261487,9.31997652261487,3939.81298828125,100.14847753278933,0.1484775327893315
2025-11-19,6642.16015625,98.97127135157253,-1.0287286484274698,22564.23046875,99.16093894224885,-0.8390610577511523,5542.0498046875,99.29835722855654,-0.7016427714434541,23162.919921875,96.05741795453538,-3.9425820454646145,9507.400390625,100.64574861828363,0.6457486182836261,48537.69921875,108.94898193058529,8.94898193058529,3946.741943359375,100.32460881212451,0.3246088121245047
2025-11-20,6538.759765625,97.43055750582522,-2.569442494174777,22078.05078125,97.02436998750798,-2.975630012492015,5569.919921875,99.79771341444744,-0.20228658555256296,23278.849609375,96.53818231771092,-3.4618176822890785,9527.7001953125,100.86064322202756,0.8606432220275705,49823.94140625,111.8361145944706,11.83611459447061,3931.051025390625,99.9257519246691,-0.07424807533089078
2025-11-21,6602.990234375,98.38762132273926,-1.6123786772607416,22273.080078125,97.88144721981844,-2.1185527801815556,5515.08984375,98.81530855047077,-1.1846914495292258,23091.869140625,95.76276794436625,-4.237232055633758,9539.7001953125,100.98767573709976,0.9876757370997592,48625.87890625,109.14691235033563,9.146912350335615,3834.89111328125,97.48140524474155,-2.5185947552584476
2025-11-24,6705.1201171875,99.90940401197916,-0.09059598802084144,22872.009765625,100.5135081826392,0.5135081826392056,5528.669921875,99.05862636542571,-0.9413736345742961,23239.1796875,96.37366980035029,-3.6263301996497215,9534.900390625,100.9368647986574,0.936864798657392,,,,3836.764892578125,97.52903596842633,-2.4709640315736774
2025-11-25,6765.8798828125,100.81475274032492,0.8147527403249203,23025.58984375,101.1884323627831,1.1884323627830982,5573.91015625,99.86920748836559,-0.13079251163440947,23464.630859375,97.30862349004829,-2.6913765099517075,9609.5,101.7265794655165,1.726579465516482,48659.51953125,109.2224229720637,9.2224229720637,3870.02294921875,98.37444252659672,-1.6255574734032834
2025-11-26,6812.60986328125,101.51105115355641,1.5110511535564164,23214.689453125,102.01945094527838,2.0194509452783804,5655.580078125,101.33250885933359,1.3325088593335723,23726.220703125,98.39344548306589,-1.6065545169341138,9691.599609375,102.5956894542957,2.59568945429569,49559.0703125,111.24157804924113,11.241578049241133,3864.18408203125,98.22602084742473,-1.7739791525752644
2025-11-27,,,,,,,5653.169921875,101.28932545883676,1.2893254588367533,23767.9609375,98.56654365688865,-1.4334563431113432,9693.900390625,102.6200456233639,2.6200456233638927,50167.1015625,112.6063808053613,12.606380805361288,3875.260009765625,98.50756652057223,-1.4924334794277785
2025-11-28,6849.08984375,102.05461980606405,2.0546198060640526,23365.689453125,102.68303669445855,2.683036694458554,5668.169921875,101.55808438575376,1.5580843857537472,23836.7890625,98.85197623587487,-1.148023764125126,9720.5,102.90163022993424,2.901630229934228,50253.91015625,112.80123363242392,12.801233632423903,3888.595947265625,98.84656074214315,-1.1534392578568509
2025-12-01,6812.6298828125,101.51134945387032,1.5113494538703303,23275.919921875,102.28853482923945,2.2885348292394534,5667.47998046875,101.54572252495512,1.5457225249551236,23589.439453125,97.82620897990009,-2.1737910200999124,9702.5,102.71108145732595,2.7110814573259447,49303.28125,110.66742726754136,10.667427267541358,3914.006103515625,99.49247679701101,-0.5075232029889877
2025-12-02,6829.3701171875,101.76078672124156,1.760786721241558,23413.669921875,102.89389202758097,2.8938920275809696,5686.169921875,101.88059509805414,1.88059509805414,23710.859375,98.32974153205207,-1.670258467947922,9701.7998046875,102.70366915969356,2.703669159693559,49303.44921875,110.66780429456577,10.667804294565778,3897.7119140625,99.07828498861424,-0.92171501138576
2025-12-03,6849.72021484375,102.06401262814364,2.064012628143631,23454.08984375,103.07152172386725,3.0715217238672343,5694.56005859375,102.03092337413536,2.0309233741353476,23693.7109375,98.25862637758276,-1.741373622417246,9692.099609375,102.60098247575704,2.6009824757570312,49864.6796875,111.92755679999804,11.927556799998037,3878.0,98.57721598140795,-1.4227840185920557
2025-12-04,6857.1201171875,102.17427461003055,2.1742746100305443,23505.140625,103.29586987566866,3.295869875668654,5718.080078125,102.45233772148772,2.4523377214877136,23882.029296875,99.0395890289242,-0.9604109710758143,9710.900390625,102.80000835304949,2.8000083530494937,51028.421875,114.53972277816659,14.539722778166592,3875.79296875,98.52111412575839,-1.4788858742416087
2025-12-05,6870.39990234375,102.37214957679916,2.372149576799162,23578.130859375,103.61663331514264,3.616633315142633,5723.93017578125,102.55715545271794,2.5571554527179385,24028.140625,99.64551768390092,-0.3544823160990859,9667.0,102.33527693357073,2.3352769335707197,50491.87109375,113.33536694111311,13.335366941113113,3902.80810546875,99.20782814512185,-0.7921718548781524
2025-12-08,6846.509765625,102.01617544365624,2.0161754436562362,23545.900390625,103.47499305188504,3.4749930518850376,5725.58984375,102.58689215820591,2.5868921582059223,24046.009765625,99.71962161878017,-0.2803783812198323,9645.099609375,102.10343845839095,2.1034384583909587,50581.94140625,113.53754110690575,13.537541106905751,3924.077880859375,99.74849736702944,-0.2515026329705517
2025-12-09,6840.509765625,101.92677265689105,1.9267726568910502,23576.490234375,103.60942341203172,3.609423412031715,5718.31982421875,102.45663331501362,2.456633315013633,24162.650390625,100.2033342639861,0.2033342639860951,9642.0,102.07062586050367,2.07062586050366,50655.1015625,113.70175829621662,13.70175829621663,3909.52099609375,99.37846715208426,-0.6215328479157509
2025-12-10,6886.68017578125,102.61473321256777,2.6147332125677853,23654.150390625,103.95070932571784,3.9507093257178445,5708.1201171875,102.27388249390788,2.2738824939078683,24130.140625,100.06851515850298,0.06851515850296282,9655.5,102.21353743995986,2.213537439959872,50602.80078125,113.58436260249655,13.58436260249655,3900.49609375,99.14905772775445,-0.8509422722455494
2025-12-11,6901.0,102.82810524442509,2.8281052444250947,23593.859375,103.68575396960958,3.685753969609572,5753.9599609375,103.09520697499404,3.0952069749940465,24294.609375,100.75057266733587,0.7505726673358619,9703.2001953125,102.71849375495835,2.718493754958331,50148.8203125,112.56534623619183,12.565346236191823,3873.318115234375,98.4582043347496,-1.541795665250405
2025-12-12,6827.41015625,101.73158239294766,1.7315823929476566,23195.169921875,101.93367026469443,1.9336702646944264,5720.7099609375,102.49945802032805,2.4994580203280434,24186.490234375,100.30219890811509,0.3021989081150896,9649.0,102.14472816096243,2.144728160962437,50836.55078125,114.10904393136425,14.109043931364246,3889.345947265625,98.86562544353202,-1.1343745564679761
2025-12-15,6816.509765625,101.56916150983031,1.569161509830305,23057.41015625,101.32827015026295,1.3282701502629641,5752.52001953125,103.06940716784958,3.0694071678495733,24229.91015625,100.48226280321846,0.4822628032184548,9751.2998046875,103.22767828436635,3.227678284366337,50168.109375,112.6086429675078,12.60864296750781,3867.9208984375,98.321009232665,-1.6789907673349924
2025-12-16,6800.259765625,101.32702896234125,1.3270289623412588,23111.4609375,101.56580212489578,1.5658021248957783,5717.830078125,102.44785840603909,2.447858406039097,24076.869140625,99.84759649812132,-0.15240350187867932,9684.7998046875,102.52370643000796,2.5237064300079584,49383.2890625,110.84701488415011,10.847014884150118,3824.81201171875,97.22519849599861,-2.774801504001384
2025-12-17,6721.43017578125,100.15243146040996,0.15243146040994612,22693.3203125,99.72823815202631,-0.2717618479736996,5681.669921875,101.79996741997903,1.7999674199790416,23960.58984375,99.36538229295832,-0.6346177070416881,9774.2998046875,103.47115727158804,3.4711572715880323,49512.28125,111.13655410276424,11.13655410276424,3870.278076171875,98.38092775216683,-1.6190722478331743
2025-12-18,6774.759765625,100.9470671185892,0.947067118589217,23006.359375,101.10392199846154,1.103921998461544,5741.7099609375,102.87572051801183,2.875720518011835,24199.5,100.35615084933607,0.3561508493360655,9837.7998046875,104.14337099717837,4.143370997178365,49001.5,109.9900412257131,9.990041225713103,3876.37109375,98.53580983307899,-1.464190166921018
2025-12-19,6834.5,101.83722435777763,1.8372243577776133,23307.619140625,102.42784045720398,2.427840457203989,5760.35009765625,103.20970072748632,3.209700727486322,24288.400390625,100.72482379762539,0.7248237976253856,9897.400390625,104.77430535812977,4.7743053581297605,49507.2109375,111.12517314746894,11.125173147468947,3890.447998046875,98.8936391356119,-1.1063608643880998
2025-12-22,6878.490234375,102.49269928170739,2.492699281707395,23428.830078125,102.96051496561304,2.9605149656130534,5743.68994140625,102.91119634641836,2.9111963464183583,24283.970703125,100.7064537326668,0.7064537326667948,9866.0,104.44189947518451,4.441899475184517,50402.390625,113.1345167539411,13.134516753941117,3917.364013671875,99.57783353623711,-0.42216646376288675
2025-12-23,6909.7900390625,102.95908090908547,2.9590809090854853,23561.83984375,103.5450406938948,3.5450406938948085,5749.27978515625,103.01135104027728,3.01135104027727,24340.060546875,100.93906022538319,0.9390602253832018,9889.2001953125,104.68749773857726,4.687497738577257,50412.87109375,113.15804148665087,13.158041486650877,3919.97900390625,99.64430554684137,-0.3556944531586431
2025-12-24,6932.0498046875,103.29076175568797,3.290761755687969,23613.310546875,103.77123423756392,3.7712342375639043,,,,,,,9870.7001953125,104.49165594450763,4.491655944507633,50344.1015625,113.00367960839695,13.003679608396935,3940.947021484375,100.17730420529954,0.17730420529952776
2025-12-25,,,,,,,,,,,,,,,,50407.7890625,113.14663422714457,13.146634227144578,3959.62109375,100.65199168724408,0.6519916872440702
2025-12-26,6929.93994140625,103.25932381284841,3.25932381284842,23593.099609375,103.68241509781177,3.6824150978117776,,,,,,,,,,50750.390625,113.91564660397731,13.915646603977303,3963.678955078125,100.75514090657495,0.7551409065749576
2025-12-29,6905.740234375,102.89873693826594,2.89873693826595,23474.349609375,103.16055544406908,3.160555444069091,5751.7099609375,103.0548931359565,3.0548931359564975,24351.119140625,100.98492059037241,0.9849205903724175,9866.5,104.44719249664587,4.447192496645858,50526.921875,113.41404283623227,13.414042836232262,3965.280029296875,100.79583957575082,0.7958395757508169
2025-12-30,6896.240234375,102.75718252588774,2.757182525887738,23419.080078125,102.91766754141103,2.917667541411023,5796.22021484375,103.85239500773294,3.8523950077329427,24490.41015625,101.56256517707958,1.5625651770795694,9940.7001953125,105.2326789490954,5.2326789490953995,50339.48046875,112.99330698119022,12.993306981190209,3965.115966796875,100.791669172322,0.7916691723220006
2025-12-31,6845.5,102.00112946684712,2.0011294668471216,23241.990234375,102.13942716633126,2.139427166331263,,,,,,,9931.400390625,105.13423081750095,5.134230817500962,,,,3968.840087890625,100.88633484777314,0.8863348477731381
2026-01-02,6858.47021484375,102.1943916921762,2.1943916921761937,23235.630859375,102.11148020855848,2.111480208558464,,,,24539.33984375,101.76547825791846,1.765478257918466,9951.099609375,105.34276759273178,5.3427675927317715,,,,,,
2026-01-05,6902.0498046875,102.84374782186202,2.843747821862037,23395.8203125,102.81544999837777,2.8154499983777717,5923.68994140625,106.13630346942229,6.136303469422286,24868.689453125,103.13130230720078,3.131302307200782,10004.599609375,105.90912088909528,5.90912088909528,51832.80078125,116.34525258969342,16.345252589693413,4023.4169921875,102.27365802530528,2.273658025305288
2026-01-06,6944.81982421875,103.48104097787791,3.4810409778779037,23547.169921875,103.48057214357802,3.4805721435780104,5931.7900390625,106.28143503969005,6.2814350396900585,24892.19921875,103.22879810610137,3.2287981061013804,10122.7001953125,107.15933876102359,7.159338761023595,52518.078125,117.88344393669523,17.883443936695233,4083.6669921875,103.8051890368782,3.8051890368782195
2026-01-07,6920.93017578125,103.1250741203524,3.1250741203523904,23584.279296875,103.6436532853726,3.6436532853726,5923.56982421875,106.13415129832784,6.134151298327833,25122.259765625,104.18286703094148,4.182867030941491,10048.2001953125,106.37067856328375,6.370678563283757,51961.98046875,116.63521267568365,16.635212675683633,4085.77197265625,103.85869680229973,3.858696802299729
2026-01-08,6921.4599609375,103.13296816524498,3.132968165244987,23480.01953125,103.1854725258917,3.185472525891706,5904.31982421875,105.78924400878435,5.789244008784357,25127.4609375,104.20443646788362,4.20443646788361,10044.7001953125,106.33362741305436,6.333627413054368,51117.26171875,114.73913500180359,14.739135001803591,4082.97900390625,103.78770064869012,3.7877006486901177
2026-01-09,6966.27978515625,103.80080436315866,3.80080436315866,23671.349609375,104.02629314333065,4.026293143330642,5997.47021484375,107.45824394386926,7.458243943869277,25261.640625,104.76088420274039,4.760884202740396,10124.599609375,107.17944603981718,7.179446039817168,51939.890625,116.58562923793721,16.585629237937198,4120.42578125,104.73958281940247,4.739582819402479
2026-01-12,6977.27001953125,103.96456395987992,3.9645639598799174,23733.900390625,104.30117928265241,4.301179282652407,6016.2998046875,107.79561863458218,7.79561863458217,25405.33984375,105.35680975797115,5.356809757971154,10140.7001953125,107.34988753363189,7.349887533631878,,,,4165.287109375,105.8799399188844,5.879939918884412
2026-01-13,6963.740234375,103.76296387699608,3.762963876996084,23709.869140625,104.19557136851343,4.195571368513426,6029.830078125,108.03804408591257,8.03804408591257,25420.66015625,105.42034361579091,5.420343615790902,10137.400390625,107.31495565957354,7.314955659573536,53549.16015625,120.19783747820476,20.197837478204768,4138.7578125,105.20557575491283,5.205575754912838
2026-01-14,6926.60009765625,103.20955858974669,3.2095585897467056,23471.75,103.14913118092548,3.1491311809254805,6005.0498046875,107.59404943939444,7.594049439394425,25286.240234375,104.86289962079746,4.862899620797473,10184.400390625,107.8124996769396,7.812499676939607,54341.23046875,121.97573910010489,21.97573910010488,4126.0927734375,104.88363550450617,4.883635504506176
2026-01-15,6944.47021484375,103.47583163581054,3.475831635810531,23530.01953125,103.40520290641496,3.4052029064149427,6041.14013671875,108.24068936664754,8.240689366647542,25352.390625,105.13722754411428,5.137227544114277,10238.900390625,108.3894390162258,8.389439016225799,54110.5,121.45783548960642,21.457835489606417,4112.60107421875,104.54068188206087,4.540681882060866
2026-01-16,6940.009765625,103.40936887074706,3.409368870747056,23515.390625,103.34091460367591,3.3409146036759174,6029.4501953125,108.0312376261098,8.03123762610979,25297.130859375,104.90806341365864,4.908063413658629,10235.2998046875,108.35132305894462,8.351323058944617,53936.171875,121.06653404668015,21.066534046680154,4101.9130859375,104.26899747535442,4.268997475354436
2026-01-19,,,,,,,5925.81982421875,106.17446513736539,6.174465137365382,24959.060546875,103.50607431144859,3.506074311448576,10195.400390625,107.92894614908913,7.928946149089114,53583.5703125,120.27507540978893,20.27507540978892,4114.0,104.57624201844051,4.576242018440506
2026-01-20,6796.85986328125,101.2763688382978,1.2763688382978022,22954.3203125,100.8752307383576,0.8752307383575945,5892.080078125,105.56994127372484,5.569941273724844,24703.119140625,102.44467658115597,2.4446765811559583,10126.7998046875,107.20273740183357,7.202737401833577,52991.1015625,118.94520464588483,18.945204645884818,4113.64892578125,104.56731785157945,4.567317851579438
2026-01-21,6875.6201171875,102.44993320255654,2.4499332025565352,23224.8203125,102.0639720969883,2.0639720969883033,5882.8798828125,105.40509896575057,5.405098965750559,24560.98046875,101.85522266697542,1.8552226669754264,10138.099609375,107.32235761927338,7.32235761927338,52774.640625,118.45933079632141,18.459330796321407,4116.93994140625,104.6509741584551,4.650974158455099
2026-01-22,6913.35009765625,103.01212743564025,3.0121274356402523,23436.01953125,102.99210979103125,2.9921097910312584,5956.169921875,106.71825578256002,6.71825578256003,24856.470703125,103.0806307347224,3.0806307347224116,10150.099609375,107.44939013434558,7.449390134345569,53688.890625,120.5114801221708,20.511480122170784,4122.576171875,104.79424489291588,4.794244892915893
2026-01-23,6915.60986328125,103.04579899302544,3.0457989930254477,23501.240234375,103.27872918934425,3.278729189344244,5948.2001953125,106.5754601053094,6.575460105309407,24900.7109375,103.264096493707,3.2640964937069974,10143.400390625,107.37847191710964,7.37847191710963,53846.87109375,120.86608719074358,20.86608719074358,4136.1640625,105.13964366260964,5.139643662609647
2026-01-26,6950.22998046875,103.56165481880875,3.5616548188087513,23601.359375,103.71871352668806,3.718713526688057,5957.7998046875,106.7474588196059,6.747458819605893,24933.080078125,103.39833242252479,3.3983324225247773,10148.900390625,107.43669515318439,7.436695153184384,52885.25,118.70760747593734,18.707607475937348,4132.60498046875,105.04917321441727,5.049173214417258
2026-01-27,6978.60009765625,103.98438274171164,3.9843827417116526,23817.099609375,104.66680720255587,4.666807202555876,5994.58984375,107.40663558091734,7.406635580917347,24894.439453125,103.23808843436748,3.2380884343674756,10207.7998046875,108.06020687857085,8.06020687857085,53333.5390625,119.71384876376345,19.71384876376346,4139.90380859375,105.23470651933972,5.234706519339719
2026-01-28,6978.02978515625,103.97588482057382,3.975884820573816,23857.44921875,104.84412790299453,4.84412790299453,5933.2001953125,106.3067011783924,6.306701178392412,24822.7890625,102.94095182369468,2.9409518236946783,10154.400390625,107.49491838925913,7.494918389259136,53358.7109375,119.77035020900448,19.77035020900449,4151.23779296875,105.52281188954711,5.522811889547113
2026-01-29,6969.009765625,103.84148234011212,3.8414823401121234,23685.119140625,104.08680483015442,4.086804830154424,5891.9501953125,105.56761412937068,5.5676141293706785,24309.4609375,100.81216260293778,0.8121626029377685,10171.7998046875,107.67910933335429,7.679109333354285,53375.6015625,119.80826334513456,19.808263345134574,4157.98388671875,105.69429490672727,5.694294906727252
2026-01-30,6939.02978515625,103.39476670660011,3.3947667066001053,23461.8203125,103.10549410066845,3.1054941006684436,5947.81005859375,106.56846992358393,6.568469923583928,24538.810546875,101.76328324574749,1.7632832457474878,10223.5,108.22640982004347,8.226409820043473,53322.8515625,119.68985932332592,19.689859323325926,4117.9482421875,104.67660476286136,4.676604762861366
2026-02-02,6976.43994140625,103.95219541027862,3.952195410278614,23592.109375,103.67806340629127,3.6780634062912583,6007.509765625,107.63812520351577,7.638125203515772,24797.51953125,102.83615821680128,2.8361582168012713,10341.599609375,109.47661735403923,9.476617354039247,52655.1796875,118.19118566932556,18.191185669325556,4015.74609375,102.07866684117819,2.0786668411781912
2026-02-03,6917.81005859375,103.07858292508631,3.078582925086314,23255.189453125,102.1974325535022,2.197432553502202,5995.35009765625,107.4202572491859,7.420257249185894,24780.7890625,102.76677639297618,2.766776392976188,10314.599609375,109.19079419512683,9.190794195126822,54720.66015625,122.82741684405933,22.827416844059343,4067.738037109375,103.40028134087656,3.4002813408765507
2026-02-04,6882.72021484375,102.55572795535215,2.555727955352155,22904.580078125,100.65664192582693,0.65664192582692,5970.47021484375,106.9744778754187,6.974477875418689,24603.0390625,102.02964108797114,2.029641087971147,10402.2998046875,110.11919222703257,10.119192227032576,54293.359375,121.86828639814509,21.8682863981451,4102.2021484375,104.27634532901473,4.276345329014732
2026-02-05,6798.39990234375,101.29931613561693,1.2993161356169265,22540.58984375,99.0570476717077,-0.9429523282922949,5925.7001953125,106.17232171493391,6.172321714933915,24491.060546875,101.56526236915681,1.565262369156823,10309.2001953125,109.13363576610386,9.133635766103863,53818.0390625,120.80137006359833,20.80137006359832,4075.9169921875,103.6081871225265,3.6081871225265147
2026-02-06,6932.2998046875,103.29448687180319,3.2944868718031843,23031.2109375,101.21313486415598,1.2131348641559838,5998.39990234375,107.47490139819382,7.474901398193821,24721.4609375,102.52074063760486,2.5207406376048676,10369.7998046875,109.7751458320454,9.7751458320454,54253.6796875,121.77922033967856,21.779220339678552,4065.5830078125,103.34550135417095,3.345501354170952
2026-02-09,6964.81982421875,103.7790502670952,3.779050267095191,23238.669921875,102.12483569574964,2.124835695749642,6059.009765625,108.56086418593078,8.560864185930784,25014.869140625,103.73751445083428,3.7375144508342792,10386.2001953125,109.94876107115041,9.948761071150408,56363.94140625,126.51596867273686,26.51596867273686,4123.08984375,104.80730222746088,4.807302227460878
2026-02-10,6941.81005859375,103.43619407214706,3.4361940721470594,23102.470703125,101.52629357249154,1.5262935724915416,6047.06005859375,108.34675815668471,8.346758156684704,24987.849609375,103.6254635343276,3.625463534327601,10353.7998046875,109.60576914528248,9.60576914528248,57650.5390625,129.40389923102268,29.403899231022695,4128.373046875,104.94159914740074,4.941599147400737
2026-02-11,6941.47021484375,103.43113024242794,3.4311302424279377,23066.470703125,101.36808769851481,1.3680876985148114,6035.64013671875,108.14214442677799,8.142144426777978,24856.150390625,103.07930238787355,3.079302387873554,10472.099609375,110.85809595544931,10.8580959554493,,,,4131.98486328125,105.03341008240955,5.03341008240953
2026-02-12,6832.759765625,101.81129405731934,1.811294057319351,22597.150390625,99.30560908145662,-0.694390918543373,6011.2900390625,107.70585735235012,7.705857352350128,24852.689453125,103.06494976216516,3.0649497621651665,10402.400390625,110.12025703408437,10.120257034084371,57639.83984375,129.37988348637415,29.379883486374155,4134.01806640625,105.08509329633094,5.085093296330932
2026-02-13,6836.169921875,101.86210696932847,1.8621069693284709,22546.669921875,99.08376722930805,-0.9162327706919499,5985.22998046875,107.23893246014677,7.238932460146779,24914.880859375,103.32285964241711,3.322859642417128,10446.400390625,110.5860429226824,10.586042922682395,56941.96875,127.81342388061114,27.81342388061115,4082.072998046875,103.76467034046937,3.7646703404693773
2026-02-16,,,,,,,5978.8798828125,107.12515609801932,7.125156098019319,24800.91015625,102.85021925417699,2.8502192541769826,10473.7001953125,110.87503982688511,10.875039826885116,56806.41015625,127.5091455357633,27.50914553576329,,,
2026-02-17,6843.22021484375,101.96715960914801,1.9671596091480121,22578.380859375,99.22312435658051,-0.7768756434194785,6021.85009765625,107.89506468673923,7.895064686739249,24998.400390625,103.66921798358082,3.6692179835808227,10556.2001953125,111.74838836800643,11.748388368006415,56566.48828125,126.97061065576574,26.970610655765736,,,
2026-02-18,6881.31005859375,102.53471597226476,2.5347159722647645,22753.630859375,99.99327934031447,-0.006720659685534926,6103.3701171875,109.35568021817066,9.355680218170658,25278.2109375,104.82960185314106,4.8296018531410505,10686.2001953125,113.12457394795513,13.124573947955126,57143.83984375,128.266548987472,28.266548987472007,,,
2026-02-19,6861.89013671875,102.24535011653357,2.2453501165335643,22682.73046875,99.68169994408892,-0.31830005591108196,6059.6201171875,108.57180001466276,8.57180001466276,25043.5703125,103.85653918829745,3.8565391882974587,10627.0,112.49787813934581,12.497878139345818,57467.828125,128.99378150915678,28.993781509156758,,,
2026-02-20,6909.509765625,102.95490470469069,2.9549047046906924,22886.0703125,100.57529876894338,0.5752987689433767,6131.31005859375,109.85628746286848,9.856287462868488,25260.689453125,104.75693966057335,4.756939660573361,10686.900390625,113.13198624558751,13.131986245587512,56825.69921875,127.55244226707929,27.55244226707928,,,
2026-02-23,6837.75,101.88565086727542,1.8856508672754224,22627.26953125,99.4379708860679,-0.5620291139320905,6113.919921875,109.54470383063708,9.544703830637083,24991.970703125,103.64255385049279,3.64255385049278,10684.7001953125,113.10869488357109,13.108694883571104,,,,,,
2026-02-24,6890.06982421875,102.66524054864558,2.665240548645578,22863.6796875,100.47690075791532,0.4769007579153149,6116.60009765625,109.59272524176494,9.592725241764926,24986.25,103.61882989975922,3.618829899759221,10680.599609375,113.06528590482858,13.06528590482858,57321.08984375,128.66440894700912,28.66440894700911,4117.4091796875,104.66290200873812,4.662902008738112
2026-02-25,6946.1298828125,103.50056145939573,3.500561459395725,23152.080078125,101.74430730941695,1.7443073094169401,6173.31982421875,110.60898743149579,10.60898743149578,25175.939453125,104.40547852358783,4.405478523587836,10806.400390625,114.39701837484806,14.39701837484806,58583.12109375,131.49719711095588,31.4971971109559,4147.22998046875,105.42093489150031,5.420934891500314
2026-02-26,6908.85986328125,102.94522085791462,2.945220857914613,22878.380859375,100.54150663971994,0.5415066397199398,6161.56005859375,110.39828463215109,10.398284632151093,25289.01953125,104.87442545961407,4.874425459614084,10846.7001953125,114.82363383704566,14.82363383704565,58753.390625,131.87938852880373,31.879388528803727,4146.630859375,105.40570547183617,5.405705471836155
2026-02-27,6878.8798828125,102.4985052244026,2.4985052244025954,22668.2109375,99.61789230155729,-0.3821076984427124,6138.41015625,109.98350177134179,9.983501771341794,25284.259765625,104.85468654942709,4.854686549427098,10910.599609375,115.50007577704552,15.50007577704553,58850.26953125,132.09684544119088,32.09684544119089,4162.880859375,105.81877400192843,5.818774001928439
2026-03-02,6881.6201171875,102.53933598932173,2.5393359893217218,22748.859375,99.97231053876688,-0.027689461233123464,5986.93017578125,107.26939530466257,7.269395304662566,24638.0,102.17462528671841,2.1746252867184026,10780.099609375,114.11859717563549,14.118597175635477,58057.23828125,130.31678687398826,30.31678687398827,4182.5908203125,106.31979336147488,6.3197933614748685
2026-03-03,6816.6298828125,101.57095131171378,1.5709513117137877,22516.689453125,98.95201483317399,-1.0479851668259998,5771.72998046875,103.41359706702823,3.4135970670282316,23790.650390625,98.66063759190804,-1.339362408091965,10484.099609375,110.98512847052149,10.98512847052149,56279.05078125,126.32542096820892,26.325420968208906,4122.67578125,104.7967769235691,4.796776923569103
2026-03-04,6869.5,102.35874061390786,2.358740613907867,22807.48046875,100.2299272434944,0.22992724349439284,5870.919921875,105.19080921458178,5.1908092145817815,24205.359375,100.38044987705908,0.38044987705906924,10567.7001953125,111.87012786161725,11.870127861617261,54245.5390625,121.76094768109967,21.760947681099672,4082.47412109375,103.77486672861454,3.7748667286145343
2026-03-05,6830.7099609375,101.78075101542154,1.780751015421544,22748.990234375,99.97288561437216,-0.027114385627847803,5782.89013671875,103.61355650822664,3.61355650822663,23815.75,98.76472652699746,-1.2352734730025248,10413.900390625,110.24199652769522,10.241996527695218,55278.05859375,124.07856787249261,24.078567872492616,4108.56689453125,104.43813464060587,4.438134640605865
2026-03-06,6740.02001953125,100.42942876653984,0.42942876653984297,22387.6796875,98.3850675353341,-1.6149324646658956,5719.89990234375,102.48494398843498,2.4849439884349676,23591.029296875,97.83280211608893,-2.167197883911071,10284.7998046875,108.8753321836174,8.875332183617395,55620.83984375,124.84798358056078,24.84798358056077,4124.19384765625,104.83536556720061,4.835365567200621
2026-03-09,6795.990234375,101.26341096368607,1.263410963686084,22695.94921875,99.73979116343975,-0.2602088365602514,5685.2001953125,101.86322025336479,1.8632202533647797,23409.369140625,97.07945125991674,-2.920548740083263,10249.5,108.50164693603321,8.501646936033215,52728.71875,118.35625336145897,18.356253361458965,4096.60302734375,104.13401790009141,4.134017900091407
2026-03-10,6781.47998046875,101.0472014410379,1.0472014410378871,22697.099609375,99.74484667883539,-0.2551533211646191,5837.169921875,104.58610162901853,4.586101629018545,23968.630859375,99.39872865867018,-0.6012713413298194,10412.2001953125,110.22399818714015,10.22399818714015,54248.390625,121.76734837244447,21.76734837244448,4123.13818359375,104.80853100704259,4.808531007042582
2026-03-11,6775.7998046875,100.9625641836779,0.962564183677909,22716.130859375,99.82848155492204,-0.1715184450779622,5794.68017578125,103.82480172467643,3.8248017246764263,23640.029296875,98.0360067852605,-1.9639932147394987,10353.7998046875,109.60576914528248,9.60576914528248,55025.37109375,123.5113789386391,23.511378938639115,4133.43310546875,105.07022382220082,5.070223822200807
2026-03-12,6672.6201171875,99.42513891700106,-0.5748610829989338,22311.98046875,98.05239917250913,-1.94760082749088,5748.89013671875,103.00436960721477,3.0043696072147776,23589.650390625,97.82708374489812,-2.1729162551018844,10305.2001953125,109.09129159441314,9.091291594413132,54452.9609375,122.22653221590707,22.22653221590707,4129.10302734375,104.96015496027597,4.960154960275977
2026-03-13,6632.18994140625,98.82271051962606,-1.1772894803739493,22105.359375,97.14438054143282,-2.855619458567176,5716.60986328125,102.42599549723815,2.4259954972381346,23447.2890625,97.2367064676641,-2.7632935323358905,10261.2001953125,108.6255057058151,8.625505705815108,53819.609375,120.80489482787313,20.804894827873134,4095.447998046875,104.10465751523765,4.104657515237642
2026-03-16,6699.3798828125,99.82387185367743,-0.176128146322561,22374.1796875,98.32574033259283,-1.6742596674071697,5739.009765625,102.82734041170158,2.8273404117015817,23564.009765625,97.72075119958225,-2.279248800417749,10317.7001953125,109.22361713094666,9.223617130946662,53751.1484375,120.65122562717569,20.651225627175688,4084.785888671875,103.83363094002445,3.8336309400244475
