date,vix,vix_indexed_d0,vix_delta_vs_d0_pct,dxy,dxy_indexed_d0,dxy_delta_vs_d0_pct,eurusd,eurusd_indexed_d0,eurusd_delta_vs_d0_pct,jpyusd,jpyusd_indexed_d0,jpyusd_delta_vs_d0_pct
2025-07-03,16.3799991607666,100.55247538478326,0.5524753847832695,96.8219985961914,99.4259679744204,-0.5740320255795985,1.18002450466156,100.54870903702525,0.548709037025239,143.5260009765625,96.97899739677709,-3.0210026032229074
2025-07-04,,,,96.8219985961914,99.4259679744204,-0.5740320255795985,1.1771491765975952,100.30370520553913,0.3037052055391181,144.6820068359375,97.76009830159012,-2.2399016984098883
2025-07-07,17.790000915527344,109.20810261324311,9.20810261324311,97.14099884033203,99.7535475381313,-0.2464524618686952,1.178078293800354,100.38287435407159,0.38287435407157366,144.4980010986328,97.63576757546629,-2.364232424533703
2025-07-08,16.809999465942383,103.19213334063957,3.192133340639567,97.1719970703125,99.78537944685027,-0.21462055314972936,1.1736538410186768,100.00587115317575,0.005871153175745352,145.89199829101562,98.57767670113951,-1.4223232988604855
2025-07-09,15.9399995803833,97.85143452748105,-2.14856547251896,97.1989974975586,99.81310603433646,-0.18689396566353195,1.1724566221237183,99.90385732732105,-0.09614267267894422,146.8489990234375,99.22431195124595,-0.7756880487540585
2025-07-10,15.779999732971191,96.86923785209841,-3.130762147901589,97.3219985961914,99.93941517348665,-0.06058482651335537,1.17311692237854,99.96012085230454,-0.039879147695460644,146.11399841308594,98.72767983028584,-1.2723201697141733
2025-07-11,16.399999618530273,100.67525289638309,0.6752528963830865,97.52899932861328,100.15198306602,0.1519830660199898,1.1702749729156494,99.71796117806619,-0.2820388219338157,146.28799438476562,98.84524706388645,-1.154752936113555
2025-07-14,17.200000762939453,105.58624798200418,5.586247982004184,97.76300048828125,100.39227754603954,0.39227754603953235,1.1682106256484985,99.54206020999632,-0.4579397900036811,147.2949981689453,99.5256688460028,-0.4743311539971983
2025-07-15,17.3799991607666,106.69121046027867,6.691210460278676,98.30999755859375,100.95398577333832,0.9539857733383204,1.1666297912597656,99.40735889120124,-0.5926411087987661,147.79200744628906,99.86149274610273,-0.13850725389728213
2025-07-16,17.15999984741211,105.34069295880455,5.34069295880455,98.07499694824219,100.7126649630106,0.7126649630105856,1.1607391834259033,98.90542608319728,-1.0945739168027122,148.76100158691406,100.51623181499455,0.5162318149945598
2025-07-17,16.520000457763672,101.41190625727403,1.4119062572740348,98.44599914550781,101.0936450410775,1.0936450410774996,1.1635754108428955,99.14709818762174,-0.85290181237826,148.0030059814453,100.00406221959473,0.004062219594724517
2025-07-18,16.40999984741211,100.736641652183,0.7366416521829949,98.197998046875,100.83897410216076,0.8389741021607621,1.161548137664795,98.97435626563778,-1.025643734362214,148.44200134277344,100.30068673162576,0.30068673162575077
2025-07-21,16.649999618530273,102.20993666525693,2.2099366652569383,97.56999969482422,100.1940861124034,0.19408611240338197,1.1630746126174927,99.10442567120079,-0.8955743287992048,148.43099975585938,100.29325307597145,0.2932530759714453
2025-07-22,16.5,101.28912874567422,1.2891287456742178,97.11699676513672,99.72889994156968,-0.27110005843031637,1.1694538593292236,99.64799490977114,-0.3520050902288571,147.40899658203125,99.60269636527231,-0.39730363472768854
2025-07-23,15.369999885559082,94.35235740784194,-5.6476425921580695,96.94300079345703,99.5502244529542,-0.44977554704580613,1.1739156246185303,100.0281774721618,0.02817747216179517,146.78500366210938,99.18107096398636,-0.8189290360136388
2025-07-24,15.390000343322754,94.47513491944176,-5.524865080558253,97.1240005493164,99.73609208830953,-0.2639079116904663,1.1774264574050903,100.32733202610449,0.32733202610448786,146.3489990234375,98.88646725155068,-1.1135327484493198
2025-07-25,14.930000305175781,91.65131655053969,-8.3486834494603,97.39900207519531,100.01848961471246,0.01848961471246847,1.1756131649017334,100.1728231836196,0.17282318361960453,147.0050048828125,99.32972345666843,-0.6702765433315624
2025-07-28,15.029999732971191,92.26518654547685,-7.734813454523144,98.3949966430664,101.04127085702967,1.041270857029681,1.1756821870803833,100.17870449449981,0.1787044944998062,147.81300354003906,99.8756795840782,-0.12432041592179753
2025-07-29,15.979999542236328,98.0969836963267,-1.9030163036733025,98.64700317382812,101.30005495176168,1.300054951761692,1.1596757173538208,98.81480920174258,-1.1851907982574255,148.47900390625,100.32568897151715,0.32568897151713905
2025-07-30,15.479999542236328,95.027616158579,-4.972383841421006,99.58599853515625,102.26430402818194,2.2643040281819333,1.1550945043563843,98.42444861948671,-1.5755513805132972,148.44200134277344,100.30068673162576,0.30068673162575077
2025-07-31,16.719999313354492,102.63964624714833,2.639646247148344,99.74299621582031,102.42552406697565,2.4255240669756524,1.1429355144500732,97.38839323805676,-2.611606761943226,149.2259979248047,100.83042491126267,0.8304249112626687
2025-08-01,20.3799991607666,125.1074156867649,25.1074156867649,98.93000030517578,101.59066312063017,1.5906631206301636,1.142374038696289,97.34055045006757,-2.659449549932431,150.77200317382812,101.8750442694299,1.8750442694299108
2025-08-04,17.520000457763672,107.55064133276943,7.550641332769442,98.58599853515625,101.23740963004946,1.2374096300494473,1.158668041229248,98.72894612597342,-1.271053874026587,147.34300231933594,99.55810474154849,-0.4418952584515046
2025-08-05,17.850000381469727,109.5764234393346,9.576423439334608,98.58100128173828,101.23227797850849,1.2322779785084865,1.1584129333496094,98.70720863843691,-1.292791361563084,146.79299926757812,99.18647350984331,-0.8135264901566954
2025-08-06,16.770000457763672,102.94659002614787,2.9465900261478866,97.98300170898438,100.61819556716188,0.6181955671618802,1.1579166650772095,98.66492211478531,-1.3350778852146892,147.55999755859375,99.70472612443321,-0.29527387556679047
2025-08-07,16.56999969482422,101.71883832756563,1.7188383275656238,98.22899627685547,100.87080601087972,0.870806010879728,1.1663167476654053,99.38068475929897,-0.619315240701028,147.1929931640625,99.45674514551871,-0.5432548544812932
2025-08-08,15.149999618530273,93.00183405201383,-6.998165947986172,98.00900268554688,100.64489582433988,0.6448958243398856,1.1676650047302246,99.49556839669981,-0.5044316033001975,146.83700561523438,99.21620813246052,-0.7837918675394734
2025-08-11,16.25,99.75444497680037,-0.24555502319963396,98.36100006103516,101.00635995738614,1.0063599573861388,1.1647952795028687,99.25104197732313,-0.7489580226768721,147.66400146484375,99.77500046138154,-0.22499953861845973
2025-08-12,14.729999542236328,90.42356485195744,-9.576435148042561,97.927001953125,100.5606897315731,0.5606897315731011,1.1618449687957764,98.99964894973398,-1.00035105026601,148.125,100.08649228472117,0.08649228472117759
2025-08-13,14.489999771118164,88.9502698388835,-11.049730161116505,97.66200256347656,100.2885633428346,0.2885633428345927,1.1677058935165405,99.49905248932832,-0.5009475106716843,147.75799560546875,99.83851130580668,-0.16148869419332515
2025-08-14,14.829999923706055,91.03744070124857,-8.96255929875143,98.10299682617188,100.74141788080497,0.7414178808049752,1.171289324760437,99.8043930852849,-0.19560691471510075,147.1199951171875,99.40742113906906,-0.5925788609309433
2025-08-15,15.09000015258789,92.63351322592233,-7.36648677407767,97.71199798583984,100.33990336199172,0.33990336199171384,1.1651345491409302,99.27995080420577,-0.7200491957942228,147.6909942626953,99.79323920874972,-0.20676079125026767
2025-08-18,14.989999771118164,92.01963737663121,-7.980362623368801,98.01699829101562,100.65310646680543,0.6531064668054224,1.1706587076187134,99.75065882871104,-0.24934117128896394,147.26400756835938,99.50472882570614,-0.49527117429386197
2025-08-19,15.569999694824219,95.58010325207022,-4.4198967479297835,98.11900329589844,100.75785483490105,0.7578548349010594,1.1668338775634766,99.42474888123043,-0.5752511187695688,147.91600036621094,99.94527344769341,-0.054726552306593235
2025-08-20,15.6899995803833,96.31675075860718,-3.6832492413928115,98.08000183105469,100.71780444913405,0.7178044491340514,1.164252758026123,99.20481426434247,-0.7951857356575245,147.7310028076172,99.82027255843849,-0.1797274415615172
2025-08-21,16.600000381469727,101.90300459496535,1.9030045949653493,98.51100158691406,101.1603956840225,1.1603956840225127,1.165175199508667,99.28341458142538,-0.7165854185746221,147.3179931640625,99.54120632044253,-0.45879367955747785
2025-08-22,14.220000267028809,87.2928144127638,-12.707185587236197,97.5989990234375,100.22386536050595,0.22386536050596362,1.16130530834198,98.95366502166029,-1.046334978339711,148.38600158691406,100.26284829022312,0.2628482902231138
2025-08-25,14.789999961853027,90.79189153240291,-9.208108467597087,98.31800079345703,100.96220425038635,0.9622042503863625,1.1709601879119873,99.77634766328104,-0.22365233671896395,147.21499633789062,99.47161245682732,-0.5283875431726821
2025-08-26,14.619999885559082,89.74830610122038,-10.251693898779624,98.12200164794922,100.76093382582563,0.7609338258256357,1.1618449687957764,98.99964894973398,-1.00035105026601,147.82200622558594,99.88176260326827,-0.11823739673172781
2025-08-27,14.850000381469727,91.16021821284839,-8.839781787151612,98.12699890136719,100.7660654773666,0.7660654773665962,1.1639411449432373,99.1782620248937,-0.8217379751063106,147.46200561523438,99.6385140070796,-0.3614859929203967
2025-08-28,14.430000305175781,88.581949012792,-11.418050987208002,97.73799896240234,100.36660361916971,0.3666036191697192,1.1647952795028687,99.25104197732313,-0.7489580226768721,147.3159942626953,99.53985568397829,-0.4601443160217137
2025-08-29,15.359999656677246,94.29096865204201,-5.709031347957978,97.69000244140625,100.31731626062898,0.3173162606289822,1.1681560277938843,99.53740798135533,-0.4625920186446697,146.7899932861328,99.18444240004595,-0.8155575999540577
2025-09-01,,,,,,,1.1691803932189941,99.62469313574837,-0.375306864251625,147.0970001220703,99.39188366462933,-0.6081163353706637
2025-09-02,17.170000076293945,105.40208171460446,5.402081714604458,98.34700012207031,100.99198349848895,0.9919834984889442,1.1715912818908691,99.83012255067273,-0.16987744932727555,147.08399963378906,99.3830993725108,-0.6169006274892049
2025-09-03,16.350000381469727,100.3683208260915,0.36832082609149747,98.08300018310547,100.72088344005863,0.7208834400586278,1.163602590560913,99.14941414423778,-0.8505858557622219,148.54800415039062,100.37231170503831,0.37231170503831734
2025-09-04,15.300000190734863,93.92264782595052,-6.077352174049476,98.30400085449219,100.94782779148916,0.9478277914891676,1.16604483127594,99.35751503543415,-0.6424849645658638,147.97999572753906,99.98851443495299,-0.011485565047012975
2025-09-05,15.180000305175781,93.18600031941355,-6.813999680586447,97.72799682617188,100.35633248150529,0.3563324815052928,1.1656913757324219,99.32739744172119,-0.6726025582788135,148.375,100.25541463456882,0.2554146345688083
2025-09-08,15.109999656677246,92.75628488316818,-7.2437151168318294,97.41200256347656,100.03183974330148,0.03183974330147113,1.1713168621063232,99.80673951501431,-0.19326048498569387,148.343994140625,100.23446430407013,0.23446430407012753
2025-09-09,15.039999961853027,92.32657530127678,-7.6734246987232355,97.75199890136719,100.38098007806691,0.3809800780669139,1.1769136190414429,100.28363358153345,0.2836335815334558,147.36399841308594,99.57229157952398,-0.42770842047602
2025-09-10,15.350000381469727,94.22958575059609,-5.77041424940391,97.74700164794922,100.37584842652596,0.3758484265259534,1.1702749729156494,99.71796117806619,-0.2820388219338157,147.39199829101562,99.5912108002253,-0.4087891997747015
2025-09-11,14.710000038146973,90.30079319471159,-9.699206805288402,97.52799987792969,100.15095673571179,0.15095673571179768,1.1703435182571411,99.72380185812855,-0.2761981418714392,147.33200073242188,99.5506710858942,-0.4493289141058101
2025-09-12,14.760000228881836,90.60773111935715,-9.392268880642836,97.53600311279297,100.15917521275983,0.1591752127598398,1.1734747886657715,99.99061428108237,-0.009385718917627519,147.2239990234375,99.47769547601739,-0.5223045239826125
2025-09-15,15.6899995803833,96.31675075860718,-3.6832492413928115,97.447998046875,100.06880330356141,0.06880330356139751,1.1726491451263428,99.92026202001799,-0.07973797998200867,147.66600036621094,99.77635109784578,-0.22364890215422392
2025-09-16,16.360000610351562,100.42970958189142,0.42970958189140596,96.24800109863281,98.83653315963542,-1.1634668403645838,1.1763737201690674,100.23762933805085,0.23762933805084213,147.40499877929688,99.59999509234385,-0.4000049076561601
2025-09-17,15.720000267028809,96.50091702600692,-3.499082973993086,96.5199966430664,99.11584386053127,-0.8841561394687306,1.1871408224105835,101.15508336224892,1.155083362248932,146.41299438476562,98.92970823881026,-1.0702917611897396
2025-09-18,15.699999809265137,96.3781395144071,-3.621860485592903,96.97100067138672,99.57897737074858,-0.4210226292514166,1.1826341152191162,100.77107134527824,0.7710713452782519,146.89100646972656,99.25269593739893,-0.7473040626010722
2025-09-19,15.449999809265137,94.84345574553325,-5.1565442544667555,97.2699966430664,99.88601465913062,-0.11398534086936601,1.1791062355041504,100.47046423959831,0.47046423959830747,147.94700622558594,99.96622377819209,-0.03377622180791248
2025-09-22,16.100000381469727,98.83363705721764,-1.1663629427823543,96.9749984741211,99.58308269198135,-0.4169173080186482,1.1736950874328613,100.00938571891763,0.009385718917627519,148.09500122070312,100.06622242755563,0.06622242755562328
2025-09-23,16.639999389648438,102.14854790945702,2.14854790945703,96.89299774169922,99.49887659921457,-0.5011234007854326,1.1801080703735352,100.5558295878491,0.5558295878491102,147.72500610351562,99.81622064904577,-0.18377935095422465
2025-09-24,16.18000030517578,99.32473539490896,-0.6752646050910398,97.51799774169922,100.14068559804737,0.14068559804737132,1.1814465522766113,100.66988029348451,0.6698802934845234,147.61300659179688,99.74054376624049,-0.25945623375949867
2025-09-25,16.739999771118164,102.76242375874816,2.7624237587481613,98.21499633789062,100.85642955198253,0.8564295519825333,1.1744670867919922,100.07516701297668,0.0751670129766706,148.75100708007812,100.50947863267339,0.5094786326733807
2025-09-26,15.289999961853027,93.86125907015061,-6.138740929849384,97.8239974975586,100.45491503316927,0.45491503316927195,1.166275978088379,99.37721082437491,-0.6227891756250848,149.86099243164062,101.25948396820293,1.2594839682029246
2025-09-29,16.1200008392334,98.95641456881746,-1.0435854311825374,97.58399963378906,100.20846257130059,0.20846257130057674,1.170823097229004,99.76466630315628,-0.23533369684371683,149.40499877929688,100.9513738911249,0.9513738911248854
2025-09-30,16.280000686645508,99.93861124420009,-0.06138875579990849,97.45099639892578,100.07188229448599,0.07188229448597383,1.1731443405151367,99.96245712432949,-0.037542875670510074,148.59500122070312,100.4040671272509,0.4040671272508846
2025-10-01,16.290000915527344,100.0,0.0,97.38099670410156,100.0,0.0,1.1735849380493164,100.0,0.0,147.9969940185547,100.0,0.0
2025-10-02,16.6299991607666,102.08715915365711,2.0871591536571215,97.54000091552734,100.16328053399262,0.16328053399260822,1.1734058856964111,99.98474312790663,-0.015256872093372871,147.08299255371094,99.38241889917767,-0.6175811008223314
2025-10-03,16.649999618530273,102.20993666525693,2.2099366652569383,97.41500091552734,100.03491873422605,0.03491873422604745,1.1725116968154907,99.90855018677986,-0.09144981322013046,147.14999389648438,99.4276909962346,-0.5723090037653888
2025-10-06,16.3700008392334,100.49109833769133,0.49109833769131445,97.80699920654297,100.4374595833475,0.4374595833475009,1.171248197555542,99.80088867724747,-0.1991113227525266,149.6060028076172,101.0871901822957,1.0871901822957128
2025-10-07,17.239999771118164,105.83179129649587,5.831791296495865,98.28399658203125,100.92728551616032,0.927285516160315,1.171028733253479,99.78218834334342,-0.21781165665658753,150.33099365234375,101.57705881073262,1.5770588107326318
2025-10-08,16.299999237060547,100.06137704709195,0.061377047091955045,98.63999938964844,101.29286280502183,1.292862805021842,1.1654603481292725,99.30771181048486,-0.6922881895151363,152.05099487304688,102.7392454025005,2.739245402500492
2025-10-09,16.43000030517578,100.8594191637828,0.8594191637828119,99.28500366210938,101.9552140791835,1.9552140791834987,1.1631964445114136,99.11480684515514,-0.8851931548448594,152.67999267578125,103.16425255004805,3.1642525500480403
2025-10-10,21.65999984741211,132.96500079853388,32.965000798533886,98.73200225830078,101.38734003545305,1.3873400354530527,1.156644344329834,98.55650893512315,-1.443491064876852,152.96499633789062,103.35682650332284,3.3568265033228233
2025-10-13,19.030000686645508,116.82013270181247,16.82013270181246,99.02999877929688,101.69335099352692,1.693350993526911,1.160240888595581,98.86296687856992,-1.1370331214300748,152.05599975585938,102.7426271487621,2.74262714876209
2025-10-14,20.809999465942383,127.74707364262119,27.747073642621196,98.80999755859375,101.46743297240457,1.4674329724045634,1.1566845178604126,98.55993208152492,-1.4400679184750766,152.4340057373047,102.99804178333089,2.998041783330898
2025-10-15,20.639999389648438,126.70348821143867,26.703488211438657,98.54100036621094,101.19120126243328,1.1912012624332866,1.1602274179458618,98.86181905796636,-1.1381809420336375,151.7310028076172,102.52303015600057,2.5230301560005737
2025-10-16,25.309999465942383,155.37138148235053,55.37138148235052,98.09200286865234,100.73012824741485,0.7301282474148619,1.1646324396133423,99.23716655303582,-0.7628334469641872,150.9739990234375,102.01153072373185,2.011530723731848
2025-10-17,20.780000686645508,127.56291908392943,27.562919083929422,98.19200134277344,100.8328161203116,0.8328161203116096,1.1699601411819458,99.69113468059709,-0.308865319402922,150.1199951171875,101.43448933724062,1.4344893372406249
2025-10-20,18.229999542236328,111.90913761619137,11.909137616191364,98.3550033569336,101.00020197553698,1.0002019755369862,1.165745735168457,99.33202935495326,-0.6679706450467376,150.89999389648438,101.96152624394908,1.9615262439490713
2025-10-21,17.8700008392334,109.69920095093441,9.699200950934426,98.71099853515625,101.365771429816,1.365771429816008,1.164442539215088,99.22098532983692,-0.779014670163084,150.7740020751953,101.87639490589416,1.8763949058941465
2025-10-22,18.600000381469727,114.18047474595616,14.180474745956165,98.6729965209961,101.32674737435718,1.326747374357192,1.160038948059082,98.84575972722094,-1.1542402727790586,151.89300537109375,102.63249357081578,2.632493570815777
2025-10-23,17.299999237060547,106.20011212258736,6.200112122587362,98.72899627685547,101.38425320994597,1.384253209945971,1.1608469486236572,98.91460864802579,-1.0853913519742109,151.95399475097656,102.67370344827799,2.6737034482779953
2025-10-24,16.3700008392334,100.49109833769133,0.49109833769131445,98.74700164794922,101.40274282465845,1.4027428246584397,1.1618045568466187,98.9962054879233,-1.003794512076698,152.6020050048828,103.11155710753881,3.1115571075388093
2025-10-27,15.789999961853027,96.93062660789832,-3.06937339210168,98.56300354003906,101.21379619837852,1.2137961983785235,1.1631693840026855,99.11250104624357,-0.887498953756441,153.06100463867188,103.42169829441421,3.4216982944142114
2025-10-28,16.420000076293945,100.79803040798289,0.7980304079829035,98.4530029296875,101.10083718781735,1.1008371878173495,1.165175199508667,99.28341458142538,-0.7165854185746221,152.69200134277344,103.17236667903546,3.1723666790354725
2025-10-29,16.920000076293945,103.86739794573062,3.867397945730607,99.02200317382812,101.68514035106138,1.6851403510613743,1.1657865047454834,99.33550328987731,-0.6644967101226807,151.7310028076172,102.52303015600057,2.5230301560005737
2025-10-30,16.90999984741211,103.8060091899307,3.8060091899306987,99.3479995727539,102.01990422692961,2.0199042269296226,1.1603351831436157,98.87100162279486,-1.128998377205136,152.7220001220703,103.19263653620104,3.192636536201027
2025-10-31,17.440000534057617,107.05954299507813,7.059542995078127,99.62999725341797,102.3094860654899,2.309486065489902,1.157246708869934,98.60783581574086,-1.3921641842591335,153.89999389648438,103.98859444212063,3.9885944421206396
2025-11-03,17.170000076293945,105.40208171460446,5.402081714604458,99.70700073242188,102.38856050671572,2.3885605067157254,1.1528042554855347,98.22929880147213,-1.7707011985278642,154.19500732421875,104.18793188791862,4.1879318879186185
2025-11-04,19.0,116.63596643441274,16.635966434412737,100.06999969482422,102.76132210773459,2.7613221077345975,1.1519144773483276,98.15348169541026,-1.8465183045897382,154.20399475097656,104.19400459690667,4.194004596906671
2025-11-05,18.010000228881836,110.55862011471724,10.558620114717238,100.05899810791016,102.75002463976197,2.750024639761979,1.1485539674758911,97.86713600678696,-2.132863993213028,153.5570068359375,103.756841721181,3.756841721181001
2025-11-06,19.5,119.70533397216043,19.70533397216044,99.58499908447266,102.26327769787373,2.2632776978737414,1.1496764421463013,97.96278095194756,-2.0372190480524432,154.072998046875,104.10549151259015,4.105491512590149
2025-11-07,19.079999923706055,117.12706477210403,17.12706477210405,99.47100067138672,102.1462133660798,2.146213366079799,1.1549211740493774,98.40967931720724,-1.5903206827927674,152.947998046875,103.34534093827581,3.3453409382758106
2025-11-10,17.600000381469727,108.04173967046076,8.041739670460757,99.46199798583984,102.13696855872357,2.1369685587235647,1.1543878316879272,98.36423374746973,-1.635766252530284,153.81700134277344,103.93251725334981,3.9325172533498107
2025-11-11,17.280000686645508,106.0773463196955,6.077346319695499,99.31600189208984,101.98704598790246,1.9870459879024645,1.1557220220565796,98.4779187757447,-1.5220812242552981,154.14599609375,104.1548155190398,4.154815519039799
2025-11-12,17.510000228881836,107.48925257696953,7.489252576969534,99.3740005493164,102.04660448410763,2.0466044841076276,1.1587486267089844,98.73581273418588,-1.2641872658141238,154.0749969482422,104.10684214905439,4.106842149054384
2025-11-13,20.0,122.77470150990814,22.774701509908144,99.05000305175781,101.71389326885576,1.713893268855764,1.159218668937683,98.7758645628571,-1.2241354371429058,154.71299743652344,104.537932315792,4.537932315792002
2025-11-14,19.829999923706055,121.73111607872559,21.731116078725606,99.1989974975586,101.86689483060145,1.8668948306014406,1.1631964445114136,99.11480684515514,-0.8851931548448594,154.63299560546875,104.48387592661652,4.483875926616519
2025-11-17,22.3799991607666,137.38488583775572,37.38488583775571,99.48799896240234,102.16366881590157,2.1636688159015702,1.1615345478057861,98.97319828732977,-1.026801712670233,154.5850067138672,104.45145034127283,4.4514503412728414
2025-11-18,24.690000534057617,151.56537229241982,51.56537229241983,99.4489974975586,102.12361843013456,2.123618430134562,1.159057378768921,98.76212118872772,-1.237878811272289,155.2729949951172,104.91631672981838,4.916316729818372
2025-11-19,23.65999984741211,145.2424709495247,45.2424709495247,100.1510009765625,102.84450187019318,2.8445018701931897,1.1581177711486816,98.6820581622031,-1.3179418377968994,155.54800415039062,105.10213750077197,5.102137500771977
2025-11-20,26.420000076293945,162.18538116293698,62.18538116293697,100.08999633789062,102.78185654848096,2.781856548480945,1.154068112373352,98.3369907841179,-1.663009215882099,156.99200439453125,106.07783315845512,6.077833158455123
2025-11-21,23.43000030517578,143.83056469225068,43.83056469225066,100.11299896240234,102.80547781473437,2.805477814734374,1.1534557342529297,98.28481065632585,-1.7151893436741474,157.36900329589844,106.33256731969081,6.332567319690805
2025-11-24,20.520000457763672,125.96684655925567,25.966846559255664,100.0719985961914,102.76337476835099,2.7633747683509817,1.1507612466812134,98.05521606249995,-1.9447839375000509,156.68800354003906,105.87242300366908,5.872423003669091
2025-11-25,18.559999465942383,113.93491972275653,13.934919722756531,99.58899688720703,102.26738301910652,2.26738301910651,1.1520073413848877,98.16139454718173,-1.8386054528182754,156.93899536132812,106.04201551664782,6.042015516647831
2025-11-26,17.190000534057617,105.52485922620427,5.524859226204275,99.52200317382812,102.19858755012761,2.1985875501276175,1.156483769416809,98.54282650722051,-1.4571734927794975,156.22999572753906,105.5629519799248,5.5629519799248
2025-11-27,,,,,,,1.1602139472961426,98.8606712373628,-1.1393287626372002,156.23899841308594,105.56903499911488,5.569034999114869
2025-11-28,16.350000381469727,100.3683208260915,0.36832082609149747,99.40799713134766,102.08151538375117,2.08151538375117,1.1599851846694946,98.84117860251115,-1.1588213974888528,156.28399658203125,105.5994397848632,5.5994397848632005
2025-12-01,17.239999771118164,105.83179129649587,5.831791296495865,99.36199951171875,102.03428068582683,2.0342806858268174,1.1601465940475464,98.85493213434499,-1.1450678656550135,155.92799377441406,105.35889246160299,5.358892461603004
2025-12-02,16.59000015258789,101.84161583916544,1.841615839165441,99.2959976196289,101.96650371257361,1.966503712573612,1.1607661247253418,98.90772172440442,-1.0922782755955869,155.5570068359375,105.10822051996205,5.108220519962046
2025-12-03,16.079999923706055,98.71085954561782,-1.2891404543821714,98.7959976196289,101.45305651350738,1.4530565135073688,1.1627906560897827,99.08023001918588,-0.9197699808141278,155.8070068359375,105.27714286980967,5.277142869809677
2025-12-04,15.779999732971191,96.86923785209841,-3.130762147901589,98.9530029296875,101.6142843868836,1.6142843868835928,1.1666841506958008,99.41199080443332,-0.5880091955666902,155.10699462890625,104.80415204207469,4.804152042074697
2025-12-05,15.40999984741211,94.59790657668759,-5.4020934233124125,98.96800231933594,101.62968717608898,1.6296871760889797,1.1642799377441406,99.20713022095852,-0.7928697790414866,155.14199829101562,104.82780364550186,4.82780364550185
2025-12-08,16.65999984741211,102.27132542105683,2.2713254210568468,99.06099700927734,101.72518290224588,1.7251829022458771,1.164022445678711,99.18518957933289,-0.8148104206671093,155.33999633789062,104.96158882687531,4.961588826875315
2025-12-09,16.93000030517578,103.92878670153051,3.9287867015305156,99.197998046875,101.86586850029325,1.8658685002932485,1.1641442775726318,99.19557075328723,-0.8044292467127636,155.843994140625,105.30213479949906,5.302134799499048
2025-12-10,15.770000457763672,96.80785495065248,-3.1921450493475203,98.76799774169922,101.42430359571297,1.424303595712979,1.1628313064575195,99.08369379640547,-0.9163062035945272,156.83799743652344,105.97377228949686,5.973772289496863
2025-12-11,14.850000381469727,91.16021821284839,-8.839781787151612,98.34400177001953,100.98890450756437,0.9889045075643678,1.1701242923736572,99.70512183963342,-0.2948781603665875,155.7899932861328,105.26564699456064,5.2656469945606466
2025-12-12,15.739999771118164,96.62368868325275,-3.3763113167472456,98.39399719238281,101.0402445267215,1.0402445267214888,1.1739431619644165,100.0305239018912,0.030523901891202045,155.56700134277344,105.11497370228322,5.114973702283225
2025-12-15,16.5,101.28912874567422,1.2891287456742178,98.16799926757812,100.80816852374998,0.8081685237499884,1.1737639904022217,100.01525687209339,0.015256872093372871,155.88800048828125,105.33186942211627,5.33186942211627
2025-12-16,16.479999542236328,101.1663512340744,1.1663512340744009,97.79399871826172,100.42410945475851,0.42410945475849826,1.1754610538482666,100.15986195273337,0.15986195273335702,155.01499938964844,104.74199183411379,4.741991834113798
2025-12-17,17.6200008392334,108.16451718206056,8.164517182060575,98.00199890136719,100.63770367760003,0.6377036776000355,1.1749500036239624,100.11631587372918,0.11631587372916959,154.7779998779297,104.58185377638472,4.581853776384709
2025-12-18,16.8700008392334,103.56046587543901,3.560465875439018,98.08799743652344,100.72601509159959,0.7260150915995882,1.1742326021194458,100.05518680831112,0.055186808311115054,155.4949951171875,105.06631985896469,5.066319858964684
2025-12-19,14.90999984741211,91.52853903893988,-8.471460961060115,98.25199890136719,100.89442727713316,0.8944272771331572,1.1725666522979736,99.91323288853422,-0.086767111465773,155.58599853515625,105.12780990379447,5.127809903794474
2025-12-22,14.079999923706055,86.43338939462701,-13.566610605372986,97.9540023803711,100.5884163190593,0.5884163190592986,1.1708093881607056,99.76349816714381,-0.2365018328561921,157.67599487304688,106.53999827407219,6.5399982740721825
2025-12-23,14.0,85.9422910569357,-14.0577089430643,97.61299896240234,100.23824181940316,0.23824181940315836,1.1765950918197632,100.25649219522622,0.256492195226204,156.8769989013672,106.0001251658525,6.000125165852487
2025-12-24,13.470000267028809,82.68876310614225,-17.31123689385775,97.68099975585938,100.30807145327275,0.308071453272748,1.179551362991333,100.50839310803816,0.5083931080381572,156.17599487304688,105.52646417498639,5.526464174986398
2025-12-26,13.600000381469727,83.48679936847913,-16.51320063152087,97.697998046875,100.32552690309451,0.3255269030945191,1.1785364151000977,100.42191041229715,0.4219104122971608,156.08999633789062,105.4683558764182,5.468355876418207
2025-12-29,14.199999809265137,87.17003690116398,-12.829963098836014,97.73200225830078,100.36044563732057,0.3604456373205665,1.1772738695144653,100.31433016440042,0.3143301644004151,156.46299743652344,105.72038876472543,5.720388764725417
2025-12-30,14.329999923706055,87.96807316350088,-12.031926836499133,97.95500183105469,100.58944264936748,0.5894426493674907,1.1772878170013428,100.3155186158218,0.31551861582180296,156.01300048828125,105.41633059704007,5.416330597040085
2025-12-31,14.949999809265137,91.77408820778554,-8.22591179221446,98.0469970703125,100.6839120452162,0.6839120452161961,1.1747292280197144,100.09750380507609,0.09750380507608933,156.41299438476562,105.68660223271549,5.6866022327154875
2026-01-02,14.510000228881836,89.07304735048331,-10.92695264951669,98.15799713134766,100.79789738608555,0.7978973860855622,1.175046682357788,100.12455377204323,0.12455377204323444,156.7310028076172,105.90147715295319,5.901477152953187
2026-01-05,14.899999618530273,91.46715028313997,-8.532849716860024,97.98200225830078,100.61716923685368,0.6171692368536881,1.1704667806625366,99.73430492453637,-0.2656950754636179,156.98899841308594,106.07580204865776,6.075802048657762
2026-01-06,14.75,90.54634236355726,-9.453657636442744,98.31700134277344,100.96117792007817,0.9611779200781703,1.1714951992034912,99.82193544088094,-0.17806455911905886,156.62600708007812,105.83053265287374,5.830532652873747
2026-01-07,15.380000114440918,94.41374616364185,-5.5862538363581615,98.4219970703125,101.06899744451587,1.0689974445158785,1.1688251495361328,99.59442317646858,-0.4055768235314194,156.67999267578125,105.86701014761013,5.867010147610132
2026-01-08,15.449999809265137,94.84345574553325,-5.1565442544667555,98.68800354003906,101.34215799814508,1.3421579981450842,1.1676785945892334,99.49672637500782,-0.5032736249921785,156.7310028076172,105.90147715295319,5.901477152953187
2026-01-09,14.489999771118164,88.9502698388835,-11.049730161116505,98.88999938964844,101.54958640455496,1.5495864045549634,1.1657865047454834,99.33550328987731,-0.6644967101226807,156.8800048828125,106.00215627564984,6.00215627564985
2026-01-12,15.119999885559082,92.81767363896807,-7.182326361031921,98.6259994506836,101.27848634612464,1.2784863461246472,1.1623716354370117,99.04452568802196,-0.9554743119780464,158.1490020751953,106.85960422639924,6.859604226399252
2026-01-13,15.979999542236328,98.0969836963267,-1.9030163036733025,98.90899658203125,101.56909451499313,1.569094514993119,1.1666978597640991,99.41315894044578,-0.586841059554215,157.98599243164062,106.74946033825093,6.7494603382509215
2026-01-14,16.75,102.82381251454807,2.8238125145480697,98.90699768066406,101.56704185437673,1.5670418543767346,1.164252758026123,99.20481426434247,-0.7951857356575245,159.1790008544922,107.55556348295532,7.555563482955328
2026-01-15,15.84000015258789,97.23756453254389,-2.7624354674561147,99.12200164794922,101.78782822395813,1.7878282239581218,1.1646324396133423,99.23716655303582,-0.7628334469641872,158.40199279785156,107.03054737584223,7.030547375842228
2026-01-16,15.859999656677246,97.36033618978972,-2.6396638102102745,99.20099639892578,101.86894749121782,1.8689474912178248,1.1609008312225342,98.91919993044004,-1.08080006955996,158.5959930419922,107.16163128428721,7.161631284287222
2026-01-19,,,,,,,1.162493348121643,99.05489670427184,-0.9451032957281571,157.53500366210938,106.44473200743447,6.444732007434481
2026-01-20,20.09000015258789,123.32718860339938,23.327188603399364,98.43900299072266,101.08646072892016,1.0864607289201549,1.1639139652252197,99.17594606827765,-0.8240539317223485,158.177001953125,106.87852344710056,6.878523447100571
2026-01-21,16.899999618530273,103.7446204341308,3.7446204341307903,98.56300354003906,101.21379619837852,1.2137961983785235,1.1727865934371948,99.93197385325612,-0.06802614674388689,158.16200256347656,106.86838851851779,6.868388518517793
2026-01-22,15.640000343322754,96.00981868831559,-3.9901813116844007,98.1760025024414,100.81638700079803,0.8163870007980306,1.1672970056533813,99.46421156304318,-0.5357884369568167,158.45599365234375,107.06703518078062,7.067035180780628
2026-01-23,16.09000015258789,98.77224830141775,-1.227751698582263,97.40399932861328,100.02362126625344,0.023621266253429002,1.1754610538482666,100.15986195273337,0.15986195273335702,158.50100708007812,107.09745027673098,7.097450276730976
2026-01-26,16.149999618530273,99.14056912750924,-0.8594308724907653,96.85700225830078,99.46191303895463,-0.5380869610453589,1.1858457326889038,101.04473006103561,1.0447300610356145,155.16600036621094,104.8440215932747,4.844021593274697
2026-01-27,16.350000381469727,100.3683208260915,0.36832082609149747,96.0510025024414,98.6342364047665,-1.3657635952335025,1.1876484155654907,101.19833486782387,1.1983348678238865,154.33599853515625,104.28319815455632,4.28319815455632
2026-01-28,16.350000381469727,100.3683208260915,0.36832082609149747,96.27400207519531,98.86323341681343,-1.1367665831865785,1.2017642259597778,102.4011289679041,2.401128967904092,152.4530029296875,103.01087798484214,3.010877984842147
2026-01-29,16.8799991607666,103.62184292253099,3.6218429225309734,96.13700103759766,98.72254781876605,-1.2774521812339499,1.1977769136428833,102.06137406924954,2.0613740692495406,153.0959930419922,103.44533958763935,3.4453395876393462
2026-01-30,17.440000534057617,107.05954299507813,7.059542995078127,96.85900115966797,99.46396569957102,-0.5360343004289747,1.19657301902771,101.9587914119453,1.958791411945298,153.16200256347656,103.48994152156519,3.489941521565179
2026-02-02,16.34000015258789,100.3069320702916,0.306932070291589,97.49199676513672,100.11398534086938,0.11398534086936601,1.1849182844161987,100.96570312036555,0.9657031203655473,155.20199584960938,104.86834335983295,4.868343359832958
2026-02-03,18.0,110.49723135891733,10.497231358917329,97.3010025024414,99.9178544024321,-0.08214559756789488,1.1798714399337769,100.53566654450334,0.5356665445033411,155.4429931640625,105.03118269049052,5.031182690490519
2026-02-04,18.639999389648438,114.42601806044786,14.426018060447843,97.48899841308594,100.1109063499448,0.1109063499447897,1.1816140413284302,100.68415186824564,0.6841518682456345,155.7989959716797,105.27173001375073,5.271730013750717
2026-02-05,21.770000457763672,133.64026540362494,33.64026540362492,97.70099639892578,100.32860589401909,0.3286058940190954,1.180163860321045,100.56058339353467,0.5605833935346617,156.91700744628906,106.02715851554123,6.027158515541238
2026-02-06,20.3700008392334,125.04603863967294,25.04603863967294,97.50599670410156,100.12836179976657,0.12836179976656079,1.177786946296692,100.35804892438036,0.35804892438035973,156.78399658203125,105.93728448455846,5.937284484558462
2026-02-09,17.360000610351562,106.56844465738682,6.568444657386813,96.68800354003906,99.28836920188012,-0.7116307981198883,1.182578206062317,100.76630738188825,0.7663073818882441,157.24400329589844,106.24810614476698,6.2481061447669894
2026-02-10,17.790000915527344,109.20810261324311,9.20810261324311,96.67500305175781,99.2750190732911,-0.7249809267088908,1.1904053688049316,101.43325209878489,1.433252098784895,156.1320037841797,105.4967398625712,5.496739862571194
2026-02-11,17.649999618530273,108.34867174075235,8.348671740752344,96.72100067138672,99.32225377121546,-0.6777462287845382,1.1889617443084717,101.31024229781902,1.310242297819019,154.48199462890625,104.38184616745562,4.38184616745562
2026-02-12,20.81999969482422,127.8084623984211,27.808462398421103,96.83699798583984,99.4413707636258,-0.5586292363742116,1.1876062154769897,101.19473904044636,1.194739040446354,153.2689971923828,103.56223665810886,3.5622366581088554
2026-02-13,20.600000381469727,126.45794489694697,26.457944896946977,96.81900024414062,99.42288898349582,-0.5771110165041748,1.1868449449539185,101.12987193978837,1.1298719397883783,152.8209991455078,103.25952912688776,3.259529126887759
2026-02-16,,,,,,,1.1867464780807495,101.12148167590746,1.1214816759074688,152.7790069580078,103.2311554509368,3.2311554509367904
2026-02-17,20.290000915527344,124.55494030198162,24.554940301981627,97.05999755859375,99.6703677756727,-0.3296322243272875,1.1849884986877441,100.97168600829032,0.971686008290312,153.60899353027344,103.79196857945314,3.7919685794531492
2026-02-18,19.6200008392334,120.44198733305139,20.441987333051387,97.62100219726562,100.24646029645119,0.24646029645120052,1.185185194015503,100.98844622064323,0.9884462206432184,153.1490020751953,103.48115722944664,3.481157229446638
2026-02-19,20.229999542236328,124.18660776718218,24.186607767182178,97.8550033569336,100.48675477647073,0.4867547764707431,1.1788839101791382,100.45152012078728,0.45152012078729525,154.6929931640625,104.52441564094764,4.524415640947628
2026-02-20,19.09000015258789,117.18845352790397,17.188453527903956,97.72899627685547,100.3573588118135,0.3573588118134849,1.1769136190414429,100.28363358153345,0.2836335815334558,155.16000366210938,104.83996968388199,4.839969683881988
2026-02-23,21.010000228881836,128.97482534120346,28.97482534120346,97.64099884033203,100.26699473719756,0.2669947371975479,1.1834739446640015,100.84263237317292,0.8426323731729336,154.33900451660156,104.28522926435369,4.285229264353683
2026-02-24,19.549999237060547,120.01226604245203,20.01226604245203,97.7699966430664,100.39946185819689,0.39946185819687713,1.1793843507766724,100.49416216409487,0.49416216409487135,154.63499450683594,104.48522656308074,4.485226563080754
2026-02-25,17.93000030517578,110.06752177702592,10.067521777025924,97.625,100.25056561768398,0.25056561768396896,1.1775233745574951,100.33559023982745,0.3355902398274653,155.8800048828125,105.32646687625933,5.326466876259326
2026-02-26,18.6299991607666,114.36462930464792,14.364629304647936,97.73999786376953,100.36865627978611,0.3686562797861034,1.181516408920288,100.67583270829591,0.6758327082959191,156.1999969482422,105.54268212275923,5.5426821227592455
2026-02-27,19.860000610351562,121.91528234612532,21.91528234612533,97.56500244140625,100.18895446086242,0.18895446086242143,1.1803030967712402,100.57244759233963,0.572447592339628,155.85899353027344,105.31226972808183,5.312269728081826
2026-03-02,21.440000534057617,131.61448329705976,31.614483297059753,98.33699798583984,100.98171236082452,0.9817123608245177,1.1759449243545532,100.20109207512151,0.20109207512150648,156.63299560546875,105.83525472539756,5.835254725397563
2026-03-03,23.56999969482422,144.68998385603348,44.68998385603347,99.00599670410156,101.6687033969653,1.66870339696529,1.1697274446487427,99.67130684149836,-0.32869315850163294,157.2570037841797,106.25689043688553,6.256890436885532
2026-03-04,21.149999618530273,129.83424450498626,29.83424450498627,98.7300033569336,101.38528737483668,1.3852873748366685,1.161224365234375,98.94676794033445,-1.0532320596655433,157.7729949951172,106.60554022829467,6.605540228294679
2026-03-05,23.75,145.79495804301592,45.794958043015924,99.30899810791016,101.97985384116262,1.9798538411626143,1.1635618209838867,99.14594020931372,-0.8540597906862788,156.98300170898438,106.07175013926506,6.0717501392650535
2026-03-06,29.489999771118164,181.0312959713146,81.03129597131459,98.97899627685547,101.6409768094791,1.6409768094790926,1.1608065366744995,98.9111651862151,-1.0888348137848989,157.53399658203125,106.44405153410135,6.444051534101354
2026-03-09,25.5,156.53774442513287,56.537744425132885,99.1709976196289,101.83814191280705,1.8381419128070509,1.152325987815857,98.18854609119343,-1.811453908806567,158.427001953125,107.04744579694821,7.047445796948201
2026-03-10,24.93000030517578,153.0386673054938,53.03866730549377,98.80899810791016,101.46640664209636,1.4664066420963713,1.1617234945297241,98.98929824889301,-1.0107017511069867,157.84800720214844,106.65622518141058,6.656225181410583
2026-03-11,24.229999542236328,148.7415480691638,48.741548069163805,99.2249984741211,101.89359508777945,1.8935950877794459,1.1611299514770508,98.93872303840506,-1.0612769615949385,158.11399841308594,106.8359526229721,6.8359526229720995
2026-03-12,27.290000915527344,167.5260858304495,67.52608583044947,99.75399780273438,102.43682153494827,2.4368215349482707,1.1543211936950684,98.35855559067865,-1.6414444093213596,159.0749969482422,107.48528914600699,7.4852891460069975
2026-03-13,27.190000534057617,166.91220998115836,66.91220998115834,100.36199951171875,103.06117508395931,3.0611750839593035,1.1521666049957275,98.17496524033535,-1.8250347596646497,159.20599365234375,107.57380223032351,7.57380223032352
2026-03-16,23.510000228881836,144.321663029942,44.32166302994197,99.83499908447266,102.52000129740686,2.520001297406863,1.1435105800628662,97.43739400435399,-2.5626059956460017,159.5679931640625,107.81840146297642,7.818401462976425
